parent,variant_smiles,mw,logp,hbd,hba,tpsa,qed,topical_score
EGCG,COc1cc(OC2COc3cc(O)ccc3C2)ccc1O,288.29900000000004,2.488900000000001,2,5,68.15,0.9078777774164212,0.9004777774164219
EMB-3,COc1cc(OC2COc3cc(O)ccc3C2)ccc1O,288.29900000000004,2.488900000000001,2,5,68.15,0.9078777774164212,0.9004777774164219
Asiaticoside,COc1cc(OC2COc3cc(O)ccc3C2)ccc1O,288.29900000000004,2.488900000000001,2,5,68.15,0.9078777774164212,0.9004777774164219
Curcumin,COc1cc(OC2COc3cc(O)ccc3C2)ccc1O,288.29900000000004,2.488900000000001,2,5,68.15,0.9078777774164212,0.9004777774164219
Glabridin,COc1cc(OC2COc3cc(O)ccc3C2)ccc1O,288.29900000000004,2.488900000000001,2,5,68.15,0.9078777774164212,0.9004777774164219
Embelin,COc1cc(OC2COc3cc(O)ccc3C2)ccc1O,288.29900000000004,2.488900000000001,2,5,68.15,0.9078777774164212,0.9004777774164219
Embelin,COc1ccc(O)c(OC2COc3cc(O)ccc3C2)c1,288.29900000000004,2.4889,2,5,68.15,0.9078777774164212,0.9004777774164212
Glabridin,COc1ccc(O)c(OC2COc3cc(O)ccc3C2)c1,288.29900000000004,2.4889,2,5,68.15,0.9078777774164212,0.9004777774164212
EMB-3,COc1ccc(O)c(OC2COc3cc(O)ccc3C2)c1,288.29900000000004,2.4889,2,5,68.15,0.9078777774164212,0.9004777774164212
Asiaticoside,COc1ccc(O)c(OC2COc3cc(O)ccc3C2)c1,288.29900000000004,2.4889,2,5,68.15,0.9078777774164212,0.9004777774164212
Curcumin,COc1ccc(O)c(OC2COc3cc(O)ccc3C2)c1,288.29900000000004,2.4889,2,5,68.15,0.9078777774164212,0.9004777774164212
EGCG,COc1ccc(O)c(OC2COc3cc(O)ccc3C2)c1,288.29900000000004,2.4889,2,5,68.15,0.9078777774164212,0.9004777774164212
EMB-3,Oc1ccc2c(c1)OCC(OC1COc3cc(O)ccc3C1)C2,314.3370000000001,2.4216000000000006,2,5,68.15,0.8908480723411548,0.8385814056744886
EGCG,Oc1ccc2c(c1)OCC(OC1COc3cc(O)ccc3C1)C2,314.3370000000001,2.4216000000000006,2,5,68.15,0.8908480723411548,0.8385814056744886
Glabridin,Oc1ccc2c(c1)OCC(OC1COc3cc(O)ccc3C1)C2,314.3370000000001,2.4216000000000006,2,5,68.15,0.8908480723411548,0.8385814056744886
Curcumin,Oc1ccc2c(c1)OCC(OC1COc3cc(O)ccc3C1)C2,314.3370000000001,2.4216000000000006,2,5,68.15,0.8908480723411548,0.8385814056744886
Asiaticoside,Oc1ccc2c(c1)OCC(OC1COc3cc(O)ccc3C1)C2,314.3370000000001,2.4216000000000006,2,5,68.15,0.8908480723411548,0.8385814056744886
Embelin,Oc1ccc2c(c1)OCC(OC1COc3cc(O)ccc3C1)C2,314.3370000000001,2.4216000000000006,2,5,68.15,0.8908480723411548,0.8385814056744886
Curcumin,COc1ccc(O)c(C2Cc3c(O)cc(O)cc3OC2OC)c1,318.32500000000005,2.5032000000000005,3,6,88.38000000000001,0.8056840314953502,0.8035506981620165
Asiaticoside,COc1ccc(O)c(C2Cc3c(O)cc(O)cc3OC2OC)c1,318.32500000000005,2.5032000000000005,3,6,88.38000000000001,0.8056840314953502,0.8035506981620165
Curcumin,COc1ccc(O)c(C2Oc3cc(O)cc(O)c3CC2OC)c1,318.32500000000005,2.5032000000000005,3,6,88.38000000000001,0.8056840314953502,0.8035506981620165
EMB-3,COc1ccc(O)c(C2Oc3cc(O)cc(O)c3CC2OC)c1,318.32500000000005,2.5032000000000005,3,6,88.38000000000001,0.8056840314953502,0.8035506981620165
Glabridin,COc1ccc(O)c(C2Cc3c(O)cc(O)cc3OC2OC)c1,318.32500000000005,2.5032000000000005,3,6,88.38000000000001,0.8056840314953502,0.8035506981620165
Glabridin,COc1ccc(O)c(C2Oc3cc(O)cc(O)c3CC2OC)c1,318.32500000000005,2.5032000000000005,3,6,88.38000000000001,0.8056840314953502,0.8035506981620165
Embelin,COc1ccc(O)c(C2Cc3c(O)cc(O)cc3OC2OC)c1,318.32500000000005,2.5032000000000005,3,6,88.38000000000001,0.8056840314953502,0.8035506981620165
EMB-3,COc1ccc(O)c(C2Cc3c(O)cc(O)cc3OC2OC)c1,318.32500000000005,2.5032000000000005,3,6,88.38000000000001,0.8056840314953502,0.8035506981620165
Embelin,COc1ccc(O)c(C2Oc3cc(O)cc(O)c3CC2OC)c1,318.32500000000005,2.5032000000000005,3,6,88.38000000000001,0.8056840314953502,0.8035506981620165
Asiaticoside,COc1ccc(O)c(C2Oc3cc(O)cc(O)c3CC2OC)c1,318.32500000000005,2.5032000000000005,3,6,88.38000000000001,0.8056840314953502,0.8035506981620165
EGCG,COc1ccc(O)c(C2Cc3c(O)cc(O)cc3OC2OC)c1,318.32500000000005,2.5032000000000005,3,6,88.38000000000001,0.8056840314953502,0.8035506981620165
EGCG,COc1ccc(O)c(C2Oc3cc(O)cc(O)c3CC2OC)c1,318.32500000000005,2.5032000000000005,3,6,88.38000000000001,0.8056840314953502,0.8035506981620165
EMB-3,COc1cc(C2Cc3c(O)cc(O)cc3OC2OC)ccc1O,318.32500000000005,2.503200000000001,3,6,88.38000000000001,0.8056840314953502,0.8035506981620162
Glabridin,COc1cc(C2Cc3c(O)cc(O)cc3OC2OC)ccc1O,318.32500000000005,2.503200000000001,3,6,88.38000000000001,0.8056840314953502,0.8035506981620162
Glabridin,COc1cc(C2Oc3cc(O)cc(O)c3CC2OC)ccc1O,318.32500000000005,2.503200000000001,3,6,88.38000000000001,0.8056840314953502,0.8035506981620162
EGCG,COc1cc(C2Cc3c(O)cc(O)cc3OC2OC)ccc1O,318.32500000000005,2.503200000000001,3,6,88.38000000000001,0.8056840314953502,0.8035506981620162
Curcumin,COc1cc(C2Cc3c(O)cc(O)cc3OC2OC)ccc1O,318.32500000000005,2.503200000000001,3,6,88.38000000000001,0.8056840314953502,0.8035506981620162
Asiaticoside,COc1cc(C2Cc3c(O)cc(O)cc3OC2OC)ccc1O,318.32500000000005,2.503200000000001,3,6,88.38000000000001,0.8056840314953502,0.8035506981620162
EMB-3,COc1cc(C2Oc3cc(O)cc(O)c3CC2OC)ccc1O,318.32500000000005,2.503200000000001,3,6,88.38000000000001,0.8056840314953502,0.8035506981620162
Embelin,COc1cc(C2Oc3cc(O)cc(O)c3CC2OC)ccc1O,318.32500000000005,2.503200000000001,3,6,88.38000000000001,0.8056840314953502,0.8035506981620162
Embelin,COc1cc(C2Cc3c(O)cc(O)cc3OC2OC)ccc1O,318.32500000000005,2.503200000000001,3,6,88.38000000000001,0.8056840314953502,0.8035506981620162
Curcumin,COc1cc(C2Oc3cc(O)cc(O)c3CC2OC)ccc1O,318.32500000000005,2.503200000000001,3,6,88.38000000000001,0.8056840314953502,0.8035506981620162
EGCG,COc1cc(C2Oc3cc(O)cc(O)c3CC2OC)ccc1O,318.32500000000005,2.503200000000001,3,6,88.38000000000001,0.8056840314953502,0.8035506981620162
Asiaticoside,COc1cc(C2Oc3cc(O)cc(O)c3CC2OC)ccc1O,318.32500000000005,2.503200000000001,3,6,88.38000000000001,0.8056840314953502,0.8035506981620162
EGCG,COC(=O)c1ccc(O)c(-c2ccc(O)c(OC)c2)c1,274.272,2.5600000000000005,2,5,75.99000000000001,0.8411440160189152,0.8011440160189148
Curcumin,COC(=O)c1ccc(O)c(-c2cc(OC)ccc2O)c1,274.272,2.5600000000000005,2,5,75.99000000000001,0.8411440160189152,0.8011440160189148
Curcumin,COC(=O)c1ccc(O)c(-c2ccc(O)c(OC)c2)c1,274.272,2.5600000000000005,2,5,75.99000000000001,0.8411440160189152,0.8011440160189148
Glabridin,COC(=O)c1ccc(O)c(-c2ccc(O)c(OC)c2)c1,274.272,2.5600000000000005,2,5,75.99000000000001,0.8411440160189152,0.8011440160189148
Asiaticoside,COC(=O)c1ccc(O)c(-c2ccc(O)c(OC)c2)c1,274.272,2.5600000000000005,2,5,75.99000000000001,0.8411440160189152,0.8011440160189148
Embelin,COC(=O)c1ccc(O)c(-c2ccc(O)c(OC)c2)c1,274.272,2.5600000000000005,2,5,75.99000000000001,0.8411440160189152,0.8011440160189148
Embelin,COC(=O)c1ccc(O)c(-c2cc(OC)ccc2O)c1,274.272,2.5600000000000005,2,5,75.99000000000001,0.8411440160189152,0.8011440160189148
Asiaticoside,COC(=O)c1ccc(O)c(-c2cc(OC)ccc2O)c1,274.272,2.5600000000000005,2,5,75.99000000000001,0.8411440160189152,0.8011440160189148
EMB-3,COC(=O)c1ccc(O)c(-c2ccc(O)c(OC)c2)c1,274.272,2.5600000000000005,2,5,75.99000000000001,0.8411440160189152,0.8011440160189148
EMB-3,COC(=O)c1ccc(O)c(-c2cc(OC)ccc2O)c1,274.272,2.5600000000000005,2,5,75.99000000000001,0.8411440160189152,0.8011440160189148
EGCG,COC(=O)c1ccc(O)c(-c2cc(OC)ccc2O)c1,274.272,2.5600000000000005,2,5,75.99000000000001,0.8411440160189152,0.8011440160189148
Glabridin,COC(=O)c1ccc(O)c(-c2cc(OC)ccc2O)c1,274.272,2.5600000000000005,2,5,75.99000000000001,0.8411440160189152,0.8011440160189148
EGCG,COC(=O)c1cc(-c2cc(OC)ccc2O)ccc1O,274.272,2.560000000000001,2,5,75.99000000000001,0.8411440160189152,0.8011440160189146
Curcumin,COC(=O)c1cc(-c2cc(OC)ccc2O)ccc1O,274.272,2.560000000000001,2,5,75.99000000000001,0.8411440160189152,0.8011440160189146
Curcumin,COC(=O)c1cc(-c2ccc(O)c(OC)c2)ccc1O,274.272,2.560000000000001,2,5,75.99000000000001,0.8411440160189152,0.8011440160189146
Embelin,COC(=O)c1cc(-c2cc(OC)ccc2O)ccc1O,274.272,2.560000000000001,2,5,75.99000000000001,0.8411440160189152,0.8011440160189146
Glabridin,COC(=O)c1cc(-c2cc(OC)ccc2O)ccc1O,274.272,2.560000000000001,2,5,75.99000000000001,0.8411440160189152,0.8011440160189146
EGCG,COC(=O)c1cc(-c2ccc(O)c(OC)c2)ccc1O,274.272,2.560000000000001,2,5,75.99000000000001,0.8411440160189152,0.8011440160189146
Glabridin,COC(=O)c1cc(-c2ccc(O)c(OC)c2)ccc1O,274.272,2.560000000000001,2,5,75.99000000000001,0.8411440160189152,0.8011440160189146
Asiaticoside,COC(=O)c1cc(-c2cc(OC)ccc2O)ccc1O,274.272,2.560000000000001,2,5,75.99000000000001,0.8411440160189152,0.8011440160189146
Asiaticoside,COC(=O)c1cc(-c2ccc(O)c(OC)c2)ccc1O,274.272,2.560000000000001,2,5,75.99000000000001,0.8411440160189152,0.8011440160189146
Embelin,COC(=O)c1cc(-c2ccc(O)c(OC)c2)ccc1O,274.272,2.560000000000001,2,5,75.99000000000001,0.8411440160189152,0.8011440160189146
EMB-3,COC(=O)c1cc(-c2ccc(O)c(OC)c2)ccc1O,274.272,2.560000000000001,2,5,75.99000000000001,0.8411440160189152,0.8011440160189146
EMB-3,COC(=O)c1cc(-c2cc(OC)ccc2O)ccc1O,274.272,2.560000000000001,2,5,75.99000000000001,0.8411440160189152,0.8011440160189146
Curcumin,COC(=O)c1ccc(O)c(C2COc3cc(O)ccc3C2)c1,300.31000000000006,2.6031000000000004,2,5,75.99000000000001,0.8337677693047111,0.7650344359713774
Asiaticoside,COC(=O)c1ccc(O)c(C2COc3cc(O)ccc3C2)c1,300.31000000000006,2.6031000000000004,2,5,75.99000000000001,0.8337677693047111,0.7650344359713774
EMB-3,COC(=O)c1ccc(O)c(C2COc3cc(O)ccc3C2)c1,300.31000000000006,2.6031000000000004,2,5,75.99000000000001,0.8337677693047111,0.7650344359713774
EGCG,COC(=O)c1ccc(O)c(C2COc3cc(O)ccc3C2)c1,300.31000000000006,2.6031000000000004,2,5,75.99000000000001,0.8337677693047111,0.7650344359713774
Embelin,COC(=O)c1ccc(O)c(C2COc3cc(O)ccc3C2)c1,300.31000000000006,2.6031000000000004,2,5,75.99000000000001,0.8337677693047111,0.7650344359713774
Glabridin,COC(=O)c1ccc(O)c(C2COc3cc(O)ccc3C2)c1,300.31000000000006,2.6031000000000004,2,5,75.99000000000001,0.8337677693047111,0.7650344359713774
Glabridin,COC(=O)c1cc(C2COc3cc(O)ccc3C2)ccc1O,300.31,2.6031000000000017,2,5,75.99000000000001,0.833767769304711,0.7650344359713764
EGCG,COC(=O)c1cc(C2COc3cc(O)ccc3C2)ccc1O,300.31,2.6031000000000017,2,5,75.99000000000001,0.833767769304711,0.7650344359713764
Embelin,COC(=O)c1cc(C2COc3cc(O)ccc3C2)ccc1O,300.31,2.6031000000000017,2,5,75.99000000000001,0.833767769304711,0.7650344359713764
Curcumin,COC(=O)c1cc(C2COc3cc(O)ccc3C2)ccc1O,300.31,2.6031000000000017,2,5,75.99000000000001,0.833767769304711,0.7650344359713764
EMB-3,COC(=O)c1cc(C2COc3cc(O)ccc3C2)ccc1O,300.31,2.6031000000000017,2,5,75.99000000000001,0.833767769304711,0.7650344359713764
Asiaticoside,COC(=O)c1cc(C2COc3cc(O)ccc3C2)ccc1O,300.31,2.6031000000000017,2,5,75.99000000000001,0.833767769304711,0.7650344359713764
EMB-3,C=CC(C)(C)C1Oc2cc(O)cc(O)c2CC1OC,264.321,2.6285000000000007,2,4,58.92,0.823919570965561,0.7382529042988939
EGCG,C=CC(C)(C)C1Oc2cc(O)cc(O)c2CC1OC,264.321,2.6285000000000007,2,4,58.92,0.823919570965561,0.7382529042988939
Glabridin,C=CC(C)(C)C1Oc2cc(O)cc(O)c2CC1OC,264.321,2.6285000000000007,2,4,58.92,0.823919570965561,0.7382529042988939
Curcumin,C=CC(C)(C)C1Oc2cc(O)cc(O)c2CC1OC,264.321,2.6285000000000007,2,4,58.92,0.823919570965561,0.7382529042988939
Embelin,C=CC(C)(C)C1Oc2cc(O)cc(O)c2CC1OC,264.321,2.6285000000000007,2,4,58.92,0.823919570965561,0.7382529042988939
Asiaticoside,C=CC(C)(C)C1Oc2cc(O)cc(O)c2CC1OC,264.321,2.6285000000000007,2,4,58.92,0.823919570965561,0.7382529042988939
Asiaticoside,COc1cc(-c2ccc(OC)c(O)c2O)ccc1O,262.261,2.487600000000002,3,5,79.15,0.7404854724188736,0.7322188057522082
Embelin,COc1cc(-c2ccc(OC)c(O)c2O)ccc1O,262.261,2.487600000000002,3,5,79.15,0.7404854724188736,0.7322188057522082
EMB-3,COc1cc(-c2ccc(OC)c(O)c2O)ccc1O,262.261,2.487600000000002,3,5,79.15,0.7404854724188736,0.7322188057522082
EGCG,COc1cc(-c2ccc(OC)c(O)c2O)ccc1O,262.261,2.487600000000002,3,5,79.15,0.7404854724188736,0.7322188057522082
Curcumin,COc1cc(-c2ccc(OC)c(O)c2O)ccc1O,262.261,2.487600000000002,3,5,79.15,0.7404854724188736,0.7322188057522082
Glabridin,COc1cc(-c2ccc(OC)c(O)c2O)ccc1O,262.261,2.487600000000002,3,5,79.15,0.7404854724188736,0.7322188057522082
Curcumin,COc1ccc(O)c(-c2ccc(OC)c(O)c2O)c1,262.261,2.4876000000000014,3,5,79.15,0.7404854724188736,0.7322188057522079
EMB-3,COc1ccc(O)c(-c2ccc(OC)c(O)c2O)c1,262.261,2.4876000000000014,3,5,79.15,0.7404854724188736,0.7322188057522079
Glabridin,COc1ccc(O)c(-c2ccc(OC)c(O)c2O)c1,262.261,2.4876000000000014,3,5,79.15,0.7404854724188736,0.7322188057522079
EGCG,COc1ccc(O)c(-c2ccc(OC)c(O)c2O)c1,262.261,2.4876000000000014,3,5,79.15,0.7404854724188736,0.7322188057522079
Asiaticoside,COc1ccc(O)c(-c2ccc(OC)c(O)c2O)c1,262.261,2.4876000000000014,3,5,79.15,0.7404854724188736,0.7322188057522079
Embelin,COc1ccc(O)c(-c2ccc(OC)c(O)c2O)c1,262.261,2.4876000000000014,3,5,79.15,0.7404854724188736,0.7322188057522079
EGCG,COc1ccc(C2COc3cc(O)ccc3C2)c(O)c1O,288.299,2.5307000000000013,3,5,79.15,0.7400285847023776,0.7195619180357101
Embelin,COc1ccc(C2COc3cc(O)ccc3C2)c(O)c1O,288.299,2.5307000000000013,3,5,79.15,0.7400285847023776,0.7195619180357101
Asiaticoside,COc1ccc(C2COc3cc(O)ccc3C2)c(O)c1O,288.299,2.5307000000000013,3,5,79.15,0.7400285847023776,0.7195619180357101
EMB-3,COc1ccc(C2COc3cc(O)ccc3C2)c(O)c1O,288.299,2.5307000000000013,3,5,79.15,0.7400285847023776,0.7195619180357101
Glabridin,COc1ccc(C2COc3cc(O)ccc3C2)c(O)c1O,288.299,2.5307000000000013,3,5,79.15,0.7400285847023776,0.7195619180357101
Curcumin,COc1ccc(C2COc3cc(O)ccc3C2)c(O)c1O,288.299,2.5307000000000013,3,5,79.15,0.7400285847023776,0.7195619180357101
EGCG,COc1cc(Oc2ccc(O)c(CO)c2)ccc1O,262.261,2.3910000000000005,3,5,79.15,0.7880523622495819,0.7153856955829155
Curcumin,COc1cc(Oc2ccc(O)c(CO)c2)ccc1O,262.261,2.3910000000000005,3,5,79.15,0.7880523622495819,0.7153856955829155
Asiaticoside,COc1cc(Oc2ccc(O)c(CO)c2)ccc1O,262.261,2.3910000000000005,3,5,79.15,0.7880523622495819,0.7153856955829155
Embelin,COc1cc(Oc2cc(CO)ccc2O)ccc1O,262.261,2.3910000000000005,3,5,79.15,0.7880523622495819,0.7153856955829155
Asiaticoside,COc1cc(Oc2cc(CO)ccc2O)ccc1O,262.261,2.3910000000000005,3,5,79.15,0.7880523622495819,0.7153856955829155
Embelin,COc1cc(Oc2ccc(O)c(CO)c2)ccc1O,262.261,2.3910000000000005,3,5,79.15,0.7880523622495819,0.7153856955829155
EMB-3,COc1cc(Oc2ccc(O)c(CO)c2)ccc1O,262.261,2.3910000000000005,3,5,79.15,0.7880523622495819,0.7153856955829155
EMB-3,COc1cc(Oc2cc(CO)ccc2O)ccc1O,262.261,2.3910000000000005,3,5,79.15,0.7880523622495819,0.7153856955829155
Glabridin,COc1cc(Oc2ccc(O)c(CO)c2)ccc1O,262.261,2.3910000000000005,3,5,79.15,0.7880523622495819,0.7153856955829155
Glabridin,COc1cc(Oc2cc(CO)ccc2O)ccc1O,262.261,2.3910000000000005,3,5,79.15,0.7880523622495819,0.7153856955829155
EGCG,COc1cc(Oc2cc(CO)ccc2O)ccc1O,262.261,2.3910000000000005,3,5,79.15,0.7880523622495819,0.7153856955829155
Curcumin,COc1cc(Oc2cc(CO)ccc2O)ccc1O,262.261,2.3910000000000005,3,5,79.15,0.7880523622495819,0.7153856955829155
Glabridin,COc1ccc(O)c(Oc2ccc(O)c(CO)c2)c1,262.261,2.391,3,5,79.15,0.7880523622495819,0.7153856955829152
EGCG,COc1ccc(O)c(Oc2ccc(O)c(CO)c2)c1,262.261,2.391,3,5,79.15,0.7880523622495819,0.7153856955829152
Curcumin,COc1ccc(O)c(Oc2cc(CO)ccc2O)c1,262.261,2.391,3,5,79.15,0.7880523622495819,0.7153856955829152
Curcumin,COc1ccc(O)c(Oc2ccc(O)c(CO)c2)c1,262.261,2.391,3,5,79.15,0.7880523622495819,0.7153856955829152
Asiaticoside,COc1ccc(O)c(Oc2cc(CO)ccc2O)c1,262.261,2.391,3,5,79.15,0.7880523622495819,0.7153856955829152
EMB-3,COc1ccc(O)c(Oc2ccc(O)c(CO)c2)c1,262.261,2.391,3,5,79.15,0.7880523622495819,0.7153856955829152
EMB-3,COc1ccc(O)c(Oc2cc(CO)ccc2O)c1,262.261,2.391,3,5,79.15,0.7880523622495819,0.7153856955829152
Embelin,COc1ccc(O)c(Oc2cc(CO)ccc2O)c1,262.261,2.391,3,5,79.15,0.7880523622495819,0.7153856955829152
Asiaticoside,COc1ccc(O)c(Oc2ccc(O)c(CO)c2)c1,262.261,2.391,3,5,79.15,0.7880523622495819,0.7153856955829152
Embelin,COc1ccc(O)c(Oc2ccc(O)c(CO)c2)c1,262.261,2.391,3,5,79.15,0.7880523622495819,0.7153856955829152
Glabridin,COc1ccc(O)c(Oc2cc(CO)ccc2O)c1,262.261,2.391,3,5,79.15,0.7880523622495819,0.7153856955829152
EGCG,COc1ccc(O)c(Oc2cc(CO)ccc2O)c1,262.261,2.391,3,5,79.15,0.7880523622495819,0.7153856955829152
Asiaticoside,COC1Cc2c(O)cc(O)cc2OC1C1COc2cc(O)ccc2C1,344.36300000000006,2.3732,3,6,88.38000000000001,0.7751440396931985,0.6906107063598652
Glabridin,COC1Cc2c(O)cc(O)cc2OC1C1COc2cc(O)ccc2C1,344.36300000000006,2.3732,3,6,88.38000000000001,0.7751440396931985,0.6906107063598652
EMB-3,COC1Cc2c(O)cc(O)cc2OC1C1COc2cc(O)ccc2C1,344.36300000000006,2.3732,3,6,88.38000000000001,0.7751440396931985,0.6906107063598652
EGCG,COC1Cc2c(O)cc(O)cc2OC1C1COc2cc(O)ccc2C1,344.36300000000006,2.3732,3,6,88.38000000000001,0.7751440396931985,0.6906107063598652
Embelin,COC1Cc2c(O)cc(O)cc2OC1C1COc2cc(O)ccc2C1,344.36300000000006,2.3732,3,6,88.38000000000001,0.7751440396931985,0.6906107063598652
Curcumin,COC1Cc2c(O)cc(O)cc2OC1C1COc2cc(O)ccc2C1,344.36300000000006,2.3732,3,6,88.38000000000001,0.7751440396931985,0.6906107063598652
Curcumin,COC(=O)c1cc(OC2COc3cc(O)ccc3C2)ccc1O,316.309,2.266900000000001,2,6,85.22000000000001,0.845019037685698,0.6896190376856987
Embelin,COc1cc(C(=O)OC2COc3cc(O)ccc3C2)ccc1O,316.309,2.266900000000001,2,6,85.22000000000001,0.845019037685698,0.6896190376856987
EMB-3,COc1cc(C(=O)OC2COc3cc(O)ccc3C2)ccc1O,316.309,2.266900000000001,2,6,85.22000000000001,0.845019037685698,0.6896190376856987
EGCG,COc1cc(C(=O)OC2COc3cc(O)ccc3C2)ccc1O,316.309,2.266900000000001,2,6,85.22000000000001,0.845019037685698,0.6896190376856987
EGCG,COC(=O)c1cc(OC2COc3cc(O)ccc3C2)ccc1O,316.309,2.266900000000001,2,6,85.22000000000001,0.845019037685698,0.6896190376856987
Curcumin,COc1cc(C(=O)OC2COc3cc(O)ccc3C2)ccc1O,316.309,2.266900000000001,2,6,85.22000000000001,0.845019037685698,0.6896190376856987
Embelin,COC(=O)c1cc(OC2COc3cc(O)ccc3C2)ccc1O,316.309,2.266900000000001,2,6,85.22000000000001,0.845019037685698,0.6896190376856987
Glabridin,COc1cc(C(=O)OC2COc3cc(O)ccc3C2)ccc1O,316.309,2.266900000000001,2,6,85.22000000000001,0.845019037685698,0.6896190376856987
EMB-3,COC(=O)c1cc(OC2COc3cc(O)ccc3C2)ccc1O,316.309,2.266900000000001,2,6,85.22000000000001,0.845019037685698,0.6896190376856987
Asiaticoside,COC(=O)c1cc(OC2COc3cc(O)ccc3C2)ccc1O,316.309,2.266900000000001,2,6,85.22000000000001,0.845019037685698,0.6896190376856987
Asiaticoside,COc1cc(C(=O)OC2COc3cc(O)ccc3C2)ccc1O,316.309,2.266900000000001,2,6,85.22000000000001,0.845019037685698,0.6896190376856987
Glabridin,COC(=O)c1cc(OC2COc3cc(O)ccc3C2)ccc1O,316.309,2.266900000000001,2,6,85.22000000000001,0.845019037685698,0.6896190376856987
Asiaticoside,COC(=O)c1ccc(O)c(OC2COc3cc(O)ccc3C2)c1,316.309,2.2669000000000006,2,6,85.22000000000001,0.845019037685698,0.6896190376856983
Embelin,COC(=O)c1ccc(O)c(OC2COc3cc(O)ccc3C2)c1,316.309,2.2669000000000006,2,6,85.22000000000001,0.845019037685698,0.6896190376856983
Curcumin,COc1ccc(O)c(C(=O)OC2COc3cc(O)ccc3C2)c1,316.309,2.2669000000000006,2,6,85.22000000000001,0.845019037685698,0.6896190376856983
EGCG,COC(=O)c1ccc(O)c(OC2COc3cc(O)ccc3C2)c1,316.309,2.2669000000000006,2,6,85.22000000000001,0.845019037685698,0.6896190376856983
Curcumin,COC(=O)c1ccc(O)c(OC2COc3cc(O)ccc3C2)c1,316.309,2.2669000000000006,2,6,85.22000000000001,0.845019037685698,0.6896190376856983
EMB-3,COC(=O)c1ccc(O)c(OC2COc3cc(O)ccc3C2)c1,316.309,2.2669000000000006,2,6,85.22000000000001,0.845019037685698,0.6896190376856983
Glabridin,COC(=O)c1ccc(O)c(OC2COc3cc(O)ccc3C2)c1,316.309,2.2669000000000006,2,6,85.22000000000001,0.845019037685698,0.6896190376856983
Embelin,COc1ccc(O)c(C(=O)OC2COc3cc(O)ccc3C2)c1,316.309,2.2669000000000006,2,6,85.22000000000001,0.845019037685698,0.6896190376856983
EGCG,COc1ccc(O)c(C(=O)OC2COc3cc(O)ccc3C2)c1,316.309,2.2669000000000006,2,6,85.22000000000001,0.845019037685698,0.6896190376856983
EMB-3,COc1ccc(O)c(C(=O)OC2COc3cc(O)ccc3C2)c1,316.309,2.2669000000000006,2,6,85.22000000000001,0.845019037685698,0.6896190376856983
Asiaticoside,COc1ccc(O)c(C(=O)OC2COc3cc(O)ccc3C2)c1,316.309,2.2669000000000006,2,6,85.22000000000001,0.845019037685698,0.6896190376856983
Glabridin,COc1ccc(O)c(C(=O)OC2COc3cc(O)ccc3C2)c1,316.309,2.2669000000000006,2,6,85.22000000000001,0.845019037685698,0.6896190376856983
EMB-3,COc1ccc(O)c(-c2ccc(O)c(OC)c2)c1,246.262,2.782000000000001,2,4,58.92,0.873855730038245,0.6858557300382444
Curcumin,COc1ccc(O)c(-c2ccc(O)c(OC)c2)c1,246.262,2.782000000000001,2,4,58.92,0.873855730038245,0.6858557300382444
EGCG,COc1ccc(O)c(-c2cc(OC)ccc2O)c1,246.262,2.782000000000001,2,4,58.92,0.873855730038245,0.6858557300382444
Glabridin,COc1ccc(O)c(-c2ccc(O)c(OC)c2)c1,246.262,2.782000000000001,2,4,58.92,0.873855730038245,0.6858557300382444
Asiaticoside,COc1ccc(O)c(-c2cc(OC)ccc2O)c1,246.262,2.782000000000001,2,4,58.92,0.873855730038245,0.6858557300382444
Embelin,COc1ccc(O)c(-c2cc(OC)ccc2O)c1,246.262,2.782000000000001,2,4,58.92,0.873855730038245,0.6858557300382444
Embelin,COc1ccc(O)c(-c2ccc(O)c(OC)c2)c1,246.262,2.782000000000001,2,4,58.92,0.873855730038245,0.6858557300382444
EMB-3,COc1ccc(O)c(-c2cc(OC)ccc2O)c1,246.262,2.782000000000001,2,4,58.92,0.873855730038245,0.6858557300382444
Asiaticoside,COc1ccc(O)c(-c2ccc(O)c(OC)c2)c1,246.262,2.782000000000001,2,4,58.92,0.873855730038245,0.6858557300382444
Glabridin,COc1ccc(O)c(-c2cc(OC)ccc2O)c1,246.262,2.782000000000001,2,4,58.92,0.873855730038245,0.6858557300382444
EGCG,COc1ccc(O)c(-c2ccc(O)c(OC)c2)c1,246.262,2.782000000000001,2,4,58.92,0.873855730038245,0.6858557300382444
Curcumin,COc1ccc(O)c(-c2cc(OC)ccc2O)c1,246.262,2.782000000000001,2,4,58.92,0.873855730038245,0.6858557300382444
EMB-3,COc1cc(-c2ccc(O)c(OC)c2)ccc1O,246.262,2.7820000000000014,2,4,58.92,0.873855730038245,0.6858557300382441
Asiaticoside,COc1cc(-c2ccc(O)c(OC)c2)ccc1O,246.262,2.7820000000000014,2,4,58.92,0.873855730038245,0.6858557300382441
Glabridin,COc1cc(-c2ccc(O)c(OC)c2)ccc1O,246.262,2.7820000000000014,2,4,58.92,0.873855730038245,0.6858557300382441
EGCG,COc1cc(-c2ccc(O)c(OC)c2)ccc1O,246.262,2.7820000000000014,2,4,58.92,0.873855730038245,0.6858557300382441
Curcumin,COc1cc(-c2ccc(O)c(OC)c2)ccc1O,246.262,2.7820000000000014,2,4,58.92,0.873855730038245,0.6858557300382441
Embelin,COc1cc(-c2ccc(O)c(OC)c2)ccc1O,246.262,2.7820000000000014,2,4,58.92,0.873855730038245,0.6858557300382441
Glabridin,COc1ccc(O)c(Oc2ccc(OC)c(O)c2O)c1,278.26,2.6129000000000016,3,6,88.38000000000001,0.7449510596866626,0.6696843930199949
Curcumin,COc1ccc(O)c(Oc2ccc(OC)c(O)c2O)c1,278.26,2.6129000000000016,3,6,88.38000000000001,0.7449510596866626,0.6696843930199949
Asiaticoside,COc1ccc(O)c(Oc2ccc(OC)c(O)c2O)c1,278.26,2.6129000000000016,3,6,88.38000000000001,0.7449510596866626,0.6696843930199949
EMB-3,COc1ccc(O)c(Oc2ccc(OC)c(O)c2O)c1,278.26,2.6129000000000016,3,6,88.38000000000001,0.7449510596866626,0.6696843930199949
Embelin,COc1ccc(O)c(Oc2ccc(OC)c(O)c2O)c1,278.26,2.6129000000000016,3,6,88.38000000000001,0.7449510596866626,0.6696843930199949
EGCG,COc1ccc(O)c(Oc2ccc(OC)c(O)c2O)c1,278.26,2.6129000000000016,3,6,88.38000000000001,0.7449510596866626,0.6696843930199949
Embelin,COc1cc(Oc2ccc(OC)c(O)c2O)ccc1O,278.26,2.612900000000002,3,6,88.38000000000001,0.7449510596866626,0.6696843930199946
EMB-3,COc1cc(Oc2ccc(OC)c(O)c2O)ccc1O,278.26,2.612900000000002,3,6,88.38000000000001,0.7449510596866626,0.6696843930199946
EGCG,COc1cc(Oc2ccc(OC)c(O)c2O)ccc1O,278.26,2.612900000000002,3,6,88.38000000000001,0.7449510596866626,0.6696843930199946
Asiaticoside,COc1cc(Oc2ccc(OC)c(O)c2O)ccc1O,278.26,2.612900000000002,3,6,88.38000000000001,0.7449510596866626,0.6696843930199946
Curcumin,COc1cc(Oc2ccc(OC)c(O)c2O)ccc1O,278.26,2.612900000000002,3,6,88.38000000000001,0.7449510596866626,0.6696843930199946
Glabridin,COc1cc(Oc2ccc(OC)c(O)c2O)ccc1O,278.26,2.612900000000002,3,6,88.38000000000001,0.7449510596866626,0.6696843930199946
Asiaticoside,COc1ccc(O)c(C2COc3cc(O)ccc3C2)c1,272.3,2.825100000000001,2,4,58.92,0.8822387769250539,0.66550544359172
Curcumin,COc1ccc(O)c(C2COc3cc(O)ccc3C2)c1,272.3,2.825100000000001,2,4,58.92,0.8822387769250539,0.66550544359172
EGCG,COc1ccc(O)c(C2COc3cc(O)ccc3C2)c1,272.3,2.825100000000001,2,4,58.92,0.8822387769250539,0.66550544359172
Embelin,COc1ccc(O)c(C2COc3cc(O)ccc3C2)c1,272.3,2.825100000000001,2,4,58.92,0.8822387769250539,0.66550544359172
EMB-3,COc1ccc(O)c(C2COc3cc(O)ccc3C2)c1,272.3,2.825100000000001,2,4,58.92,0.8822387769250539,0.66550544359172
Glabridin,COc1ccc(O)c(C2COc3cc(O)ccc3C2)c1,272.3,2.825100000000001,2,4,58.92,0.8822387769250539,0.66550544359172
Glabridin,COc1cc(C2COc3cc(O)ccc3C2)ccc1O,272.3,2.8251000000000013,2,4,58.92,0.8822387769250539,0.6655054435917197
Curcumin,COc1cc(C2COc3cc(O)ccc3C2)ccc1O,272.3,2.8251000000000013,2,4,58.92,0.8822387769250539,0.6655054435917197
Asiaticoside,COc1cc(C2COc3cc(O)ccc3C2)ccc1O,272.3,2.8251000000000013,2,4,58.92,0.8822387769250539,0.6655054435917197
EMB-3,COc1cc(C2COc3cc(O)ccc3C2)ccc1O,272.3,2.8251000000000013,2,4,58.92,0.8822387769250539,0.6655054435917197
Embelin,COc1cc(C2COc3cc(O)ccc3C2)ccc1O,272.3,2.8251000000000013,2,4,58.92,0.8822387769250539,0.6655054435917197
EGCG,COc1cc(C2COc3cc(O)ccc3C2)ccc1O,272.3,2.8251000000000013,2,4,58.92,0.8822387769250539,0.6655054435917197
EMB-3,OCc1cc(C2COc3cc(O)ccc3C2)ccc1O,272.3,2.308800000000001,3,4,69.92,0.7843158770014972,0.6568492103348312
Asiaticoside,OCc1cc(C2COc3cc(O)ccc3C2)ccc1O,272.3,2.308800000000001,3,4,69.92,0.7843158770014972,0.6568492103348312
EGCG,OCc1cc(C2COc3cc(O)ccc3C2)ccc1O,272.3,2.308800000000001,3,4,69.92,0.7843158770014972,0.6568492103348312
Curcumin,OCc1cc(C2COc3cc(O)ccc3C2)ccc1O,272.3,2.308800000000001,3,4,69.92,0.7843158770014972,0.6568492103348312
Glabridin,OCc1cc(C2COc3cc(O)ccc3C2)ccc1O,272.3,2.308800000000001,3,4,69.92,0.7843158770014972,0.6568492103348312
Embelin,OCc1cc(C2COc3cc(O)ccc3C2)ccc1O,272.3,2.308800000000001,3,4,69.92,0.7843158770014972,0.6568492103348312
EMB-3,OCc1ccc(O)c(C2COc3cc(O)ccc3C2)c1,272.3,2.3088,3,4,69.92,0.7843158770014972,0.6568492103348307
Embelin,OCc1ccc(O)c(C2COc3cc(O)ccc3C2)c1,272.3,2.3088,3,4,69.92,0.7843158770014972,0.6568492103348307
Curcumin,OCc1ccc(O)c(C2COc3cc(O)ccc3C2)c1,272.3,2.3088,3,4,69.92,0.7843158770014972,0.6568492103348307
Asiaticoside,OCc1ccc(O)c(C2COc3cc(O)ccc3C2)c1,272.3,2.3088,3,4,69.92,0.7843158770014972,0.6568492103348307
EGCG,OCc1ccc(O)c(C2COc3cc(O)ccc3C2)c1,272.3,2.3088,3,4,69.92,0.7843158770014972,0.6568492103348307
Glabridin,OCc1ccc(O)c(C2COc3cc(O)ccc3C2)c1,272.3,2.3088,3,4,69.92,0.7843158770014972,0.6568492103348307
Embelin,COc1cc(-c2ccc(O)c(CO)c2)ccc1O,246.262,2.265700000000001,3,4,69.92,0.776590200213036,0.6203902002130368
Glabridin,COc1cc(-c2ccc(O)c(CO)c2)ccc1O,246.262,2.265700000000001,3,4,69.92,0.776590200213036,0.6203902002130368
Asiaticoside,COc1cc(-c2ccc(O)c(CO)c2)ccc1O,246.262,2.265700000000001,3,4,69.92,0.776590200213036,0.6203902002130368
EMB-3,COc1cc(-c2ccc(O)c(CO)c2)ccc1O,246.262,2.265700000000001,3,4,69.92,0.776590200213036,0.6203902002130368
EGCG,COc1cc(-c2ccc(O)c(CO)c2)ccc1O,246.262,2.265700000000001,3,4,69.92,0.776590200213036,0.6203902002130368
Curcumin,COc1cc(-c2ccc(O)c(CO)c2)ccc1O,246.262,2.265700000000001,3,4,69.92,0.776590200213036,0.6203902002130368
EGCG,COc1cc(-c2cc(CO)ccc2O)ccc1O,246.26200000000003,2.2657000000000003,3,4,69.92,0.776590200213036,0.6203902002130363
Embelin,COc1cc(-c2cc(CO)ccc2O)ccc1O,246.26200000000003,2.2657000000000003,3,4,69.92,0.776590200213036,0.6203902002130363
Asiaticoside,COc1cc(-c2cc(CO)ccc2O)ccc1O,246.26200000000003,2.2657000000000003,3,4,69.92,0.776590200213036,0.6203902002130363
Glabridin,COc1cc(-c2cc(CO)ccc2O)ccc1O,246.26200000000003,2.2657000000000003,3,4,69.92,0.776590200213036,0.6203902002130363
Curcumin,COc1cc(-c2cc(CO)ccc2O)ccc1O,246.26200000000003,2.2657000000000003,3,4,69.92,0.776590200213036,0.6203902002130363
EMB-3,COc1cc(-c2cc(CO)ccc2O)ccc1O,246.26200000000003,2.2657000000000003,3,4,69.92,0.776590200213036,0.6203902002130363
Curcumin,COc1ccc(O)c(-c2ccc(O)c(CO)c2)c1,246.262,2.2657,3,4,69.92,0.776590200213036,0.6203902002130359
Asiaticoside,COc1ccc(O)c(-c2ccc(O)c(CO)c2)c1,246.262,2.2657,3,4,69.92,0.776590200213036,0.6203902002130359
Embelin,COc1ccc(O)c(-c2ccc(O)c(CO)c2)c1,246.262,2.2657,3,4,69.92,0.776590200213036,0.6203902002130359
Glabridin,COc1ccc(O)c(-c2cc(CO)ccc2O)c1,246.262,2.2657,3,4,69.92,0.776590200213036,0.6203902002130359
EGCG,COc1ccc(O)c(-c2cc(CO)ccc2O)c1,246.262,2.2657,3,4,69.92,0.776590200213036,0.6203902002130359
Asiaticoside,COc1ccc(O)c(-c2cc(CO)ccc2O)c1,246.262,2.2657,3,4,69.92,0.776590200213036,0.6203902002130359
Embelin,COc1ccc(O)c(-c2cc(CO)ccc2O)c1,246.262,2.2657,3,4,69.92,0.776590200213036,0.6203902002130359
EGCG,COc1ccc(O)c(-c2ccc(O)c(CO)c2)c1,246.262,2.2657,3,4,69.92,0.776590200213036,0.6203902002130359
EMB-3,COc1ccc(O)c(-c2cc(CO)ccc2O)c1,246.262,2.2657,3,4,69.92,0.776590200213036,0.6203902002130359
EMB-3,COc1ccc(O)c(-c2ccc(O)c(CO)c2)c1,246.262,2.2657,3,4,69.92,0.776590200213036,0.6203902002130359
Curcumin,COc1ccc(O)c(-c2cc(CO)ccc2O)c1,246.262,2.2657,3,4,69.92,0.776590200213036,0.6203902002130359
Glabridin,COc1ccc(O)c(-c2ccc(O)c(CO)c2)c1,246.262,2.2657,3,4,69.92,0.776590200213036,0.6203902002130359
EGCG,C=CC(C)(C)c1cc(CO)ccc1O,192.258,2.348100000000001,2,2,40.46,0.72157201150466,0.6203053448379939
Embelin,C=CC(C)(C)c1cc(CO)ccc1O,192.258,2.348100000000001,2,2,40.46,0.72157201150466,0.6203053448379939
Glabridin,C=CC(C)(C)c1cc(CO)ccc1O,192.258,2.348100000000001,2,2,40.46,0.72157201150466,0.6203053448379939
EMB-3,C=CC(C)(C)c1cc(CO)ccc1O,192.258,2.348100000000001,2,2,40.46,0.72157201150466,0.6203053448379939
Asiaticoside,C=CC(C)(C)c1cc(CO)ccc1O,192.258,2.348100000000001,2,2,40.46,0.72157201150466,0.6203053448379939
Curcumin,C=CC(C)(C)c1cc(CO)ccc1O,192.258,2.348100000000001,2,2,40.46,0.72157201150466,0.6203053448379939
Curcumin,C=CC(C)(C)c1ccc(O)c(CO)c1,192.258,2.3481000000000005,2,2,40.46,0.72157201150466,0.6203053448379937
EGCG,C=CC(C)(C)c1ccc(O)c(CO)c1,192.258,2.3481000000000005,2,2,40.46,0.72157201150466,0.6203053448379937
Embelin,C=CC(C)(C)c1ccc(O)c(CO)c1,192.258,2.3481000000000005,2,2,40.46,0.72157201150466,0.6203053448379937
Asiaticoside,C=CC(C)(C)c1ccc(O)c(CO)c1,192.258,2.3481000000000005,2,2,40.46,0.72157201150466,0.6203053448379937
Glabridin,C=CC(C)(C)c1ccc(O)c(CO)c1,192.258,2.3481000000000005,2,2,40.46,0.72157201150466,0.6203053448379937
EMB-3,C=CC(C)(C)c1ccc(O)c(CO)c1,192.258,2.3481000000000005,2,2,40.46,0.72157201150466,0.6203053448379937
EGCG,COc1ccc(O)c(Oc2ccc(O)c(OC)c2)c1,262.261,2.9073,2,5,68.15,0.8862663607385368,0.6147330274052034
EMB-3,COc1ccc(O)c(Oc2ccc(O)c(OC)c2)c1,262.261,2.9073,2,5,68.15,0.8862663607385368,0.6147330274052034
Asiaticoside,COc1ccc(O)c(Oc2ccc(O)c(OC)c2)c1,262.261,2.9073,2,5,68.15,0.8862663607385368,0.6147330274052034
Glabridin,COc1ccc(O)c(Oc2ccc(O)c(OC)c2)c1,262.261,2.9073,2,5,68.15,0.8862663607385368,0.6147330274052034
Embelin,COc1ccc(O)c(Oc2ccc(O)c(OC)c2)c1,262.261,2.9073,2,5,68.15,0.8862663607385368,0.6147330274052034
Curcumin,COc1ccc(O)c(Oc2ccc(O)c(OC)c2)c1,262.261,2.9073,2,5,68.15,0.8862663607385368,0.6147330274052034
EMB-3,COc1ccc(O)c(Oc2cc(OC)ccc2O)c1,262.261,2.907300000000001,2,5,68.15,0.8862663607385368,0.6147330274052027
Glabridin,COc1cc(Oc2ccc(O)c(OC)c2)ccc1O,262.261,2.907300000000001,2,5,68.15,0.8862663607385368,0.6147330274052027
Curcumin,COc1ccc(O)c(Oc2cc(OC)ccc2O)c1,262.261,2.907300000000001,2,5,68.15,0.8862663607385368,0.6147330274052027
Glabridin,COc1ccc(O)c(Oc2cc(OC)ccc2O)c1,262.261,2.907300000000001,2,5,68.15,0.8862663607385368,0.6147330274052027
EGCG,COc1ccc(O)c(Oc2cc(OC)ccc2O)c1,262.261,2.907300000000001,2,5,68.15,0.8862663607385368,0.6147330274052027
EGCG,COc1cc(Oc2ccc(O)c(OC)c2)ccc1O,262.261,2.907300000000001,2,5,68.15,0.8862663607385368,0.6147330274052027
EMB-3,COc1cc(Oc2ccc(O)c(OC)c2)ccc1O,262.261,2.907300000000001,2,5,68.15,0.8862663607385368,0.6147330274052027
Asiaticoside,COc1ccc(O)c(Oc2cc(OC)ccc2O)c1,262.261,2.907300000000001,2,5,68.15,0.8862663607385368,0.6147330274052027
Curcumin,COc1cc(Oc2ccc(O)c(OC)c2)ccc1O,262.261,2.907300000000001,2,5,68.15,0.8862663607385368,0.6147330274052027
Embelin,COc1ccc(O)c(Oc2cc(OC)ccc2O)c1,262.261,2.907300000000001,2,5,68.15,0.8862663607385368,0.6147330274052027
Asiaticoside,COc1cc(Oc2ccc(O)c(OC)c2)ccc1O,262.261,2.907300000000001,2,5,68.15,0.8862663607385368,0.6147330274052027
Embelin,COc1cc(Oc2ccc(O)c(OC)c2)ccc1O,262.261,2.907300000000001,2,5,68.15,0.8862663607385368,0.6147330274052027
Glabridin,OCc1ccc(C=CC2COc3cc(O)ccc3C2)c(O)c1O,314.33700000000005,2.560200000000002,4,5,90.15,0.6537972416092435,0.6136639082759089
EGCG,OCc1ccc(C=CC2COc3cc(O)ccc3C2)c(O)c1O,314.33700000000005,2.560200000000002,4,5,90.15,0.6537972416092435,0.6136639082759089
Curcumin,OCc1ccc(C=CC2COc3cc(O)ccc3C2)c(O)c1O,314.33700000000005,2.560200000000002,4,5,90.15,0.6537972416092435,0.6136639082759089
Embelin,OCc1ccc(C=CC2COc3cc(O)ccc3C2)c(O)c1O,314.33700000000005,2.560200000000002,4,5,90.15,0.6537972416092435,0.6136639082759089
Asiaticoside,OCc1ccc(C=CC2COc3cc(O)ccc3C2)c(O)c1O,314.33700000000005,2.560200000000002,4,5,90.15,0.6537972416092435,0.6136639082759089
EMB-3,OCc1ccc(C=CC2COc3cc(O)ccc3C2)c(O)c1O,314.33700000000005,2.560200000000002,4,5,90.15,0.6537972416092435,0.6136639082759089
Asiaticoside,O=C(OC1COc2cc(O)ccc2C1)C1COc2cc(O)ccc2C1,342.3470000000001,2.1958,2,6,85.22000000000001,0.8140617579590816,0.6112617579590818
EGCG,O=C(OC1COc2cc(O)ccc2C1)C1COc2cc(O)ccc2C1,342.3470000000001,2.1958,2,6,85.22000000000001,0.8140617579590816,0.6112617579590818
Curcumin,O=C(OC1COc2cc(O)ccc2C1)C1COc2cc(O)ccc2C1,342.3470000000001,2.1958,2,6,85.22000000000001,0.8140617579590816,0.6112617579590818
Embelin,O=C(OC1COc2cc(O)ccc2C1)C1COc2cc(O)ccc2C1,342.3470000000001,2.1958,2,6,85.22000000000001,0.8140617579590816,0.6112617579590818
EMB-3,O=C(OC1COc2cc(O)ccc2C1)C1COc2cc(O)ccc2C1,342.3470000000001,2.1958,2,6,85.22000000000001,0.8140617579590816,0.6112617579590818
Glabridin,O=C(OC1COc2cc(O)ccc2C1)C1COc2cc(O)ccc2C1,342.3470000000001,2.1958,2,6,85.22000000000001,0.8140617579590816,0.6112617579590818
EMB-3,OCC1Cc2c(O)cc(O)cc2OC1C=CC1COc2cc(O)ccc2C1,370.4010000000001,2.5229,4,6,99.38,0.6198785101216321,0.6046118434549654
EMB-3,OCC1Oc2cc(O)cc(O)c2CC1C=CC1COc2cc(O)ccc2C1,370.4010000000001,2.5229,4,6,99.38,0.6198785101216321,0.6046118434549654
Curcumin,OCC1Cc2c(O)cc(O)cc2OC1C=CC1COc2cc(O)ccc2C1,370.4010000000001,2.5229,4,6,99.38,0.6198785101216321,0.6046118434549654
Embelin,OCC1Cc2c(O)cc(O)cc2OC1C=CC1COc2cc(O)ccc2C1,370.4010000000001,2.5229,4,6,99.38,0.6198785101216321,0.6046118434549654
Embelin,OCC1Oc2cc(O)cc(O)c2CC1C=CC1COc2cc(O)ccc2C1,370.4010000000001,2.5229,4,6,99.38,0.6198785101216321,0.6046118434549654
Curcumin,OCC1Oc2cc(O)cc(O)c2CC1C=CC1COc2cc(O)ccc2C1,370.4010000000001,2.5229,4,6,99.38,0.6198785101216321,0.6046118434549654
Asiaticoside,OCC1Oc2cc(O)cc(O)c2CC1C=CC1COc2cc(O)ccc2C1,370.4010000000001,2.5229,4,6,99.38,0.6198785101216321,0.6046118434549654
Asiaticoside,OCC1Cc2c(O)cc(O)cc2OC1C=CC1COc2cc(O)ccc2C1,370.4010000000001,2.5229,4,6,99.38,0.6198785101216321,0.6046118434549654
EGCG,OCC1Oc2cc(O)cc(O)c2CC1C=CC1COc2cc(O)ccc2C1,370.4010000000001,2.5229,4,6,99.38,0.6198785101216321,0.6046118434549654
Glabridin,OCC1Cc2c(O)cc(O)cc2OC1C=CC1COc2cc(O)ccc2C1,370.4010000000001,2.5229,4,6,99.38,0.6198785101216321,0.6046118434549654
EGCG,OCC1Cc2c(O)cc(O)cc2OC1C=CC1COc2cc(O)ccc2C1,370.4010000000001,2.5229,4,6,99.38,0.6198785101216321,0.6046118434549654
Glabridin,OCC1Oc2cc(O)cc(O)c2CC1C=CC1COc2cc(O)ccc2C1,370.4010000000001,2.5229,4,6,99.38,0.6198785101216321,0.6046118434549654
EGCG,C=CC(C)(C)C1Cc2c(O)cc(O)cc2OC1OC,264.321,2.833600000000001,2,4,58.92,0.8241460152547688,0.6017460152547681
EMB-3,C=CC(C)(C)C1Cc2c(O)cc(O)cc2OC1OC,264.321,2.833600000000001,2,4,58.92,0.8241460152547688,0.6017460152547681
Asiaticoside,C=CC(C)(C)C1Cc2c(O)cc(O)cc2OC1OC,264.321,2.833600000000001,2,4,58.92,0.8241460152547688,0.6017460152547681
Embelin,C=CC(C)(C)C1Cc2c(O)cc(O)cc2OC1OC,264.321,2.833600000000001,2,4,58.92,0.8241460152547688,0.6017460152547681
Curcumin,C=CC(C)(C)C1Cc2c(O)cc(O)cc2OC1OC,264.321,2.833600000000001,2,4,58.92,0.8241460152547688,0.6017460152547681
Glabridin,C=CC(C)(C)C1Cc2c(O)cc(O)cc2OC1OC,264.321,2.833600000000001,2,4,58.92,0.8241460152547688,0.6017460152547681
EMB-3,C=CC(C)(C)C1Cc2c(O)cc(O)cc2OC1C(=O)OC,292.3310000000001,2.4027000000000003,2,5,75.99,0.660636915435192,0.5957702487685255
Glabridin,C=CC(C)(C)C1Cc2c(O)cc(O)cc2OC1C(=O)OC,292.3310000000001,2.4027000000000003,2,5,75.99,0.660636915435192,0.5957702487685255
Glabridin,C=CC(C)(C)C1Oc2cc(O)cc(O)c2CC1C(=O)OC,292.331,2.4027000000000003,2,5,75.99,0.660636915435192,0.5957702487685255
Embelin,C=CC(C)(C)C1Oc2cc(O)cc(O)c2CC1C(=O)OC,292.331,2.4027000000000003,2,5,75.99,0.660636915435192,0.5957702487685255
EGCG,C=CC(C)(C)C1Cc2c(O)cc(O)cc2OC1C(=O)OC,292.3310000000001,2.4027000000000003,2,5,75.99,0.660636915435192,0.5957702487685255
EGCG,C=CC(C)(C)C1Oc2cc(O)cc(O)c2CC1C(=O)OC,292.331,2.4027000000000003,2,5,75.99,0.660636915435192,0.5957702487685255
Curcumin,C=CC(C)(C)C1Oc2cc(O)cc(O)c2CC1C(=O)OC,292.331,2.4027000000000003,2,5,75.99,0.660636915435192,0.5957702487685255
Curcumin,C=CC(C)(C)C1Cc2c(O)cc(O)cc2OC1C(=O)OC,292.3310000000001,2.4027000000000003,2,5,75.99,0.660636915435192,0.5957702487685255
Asiaticoside,C=CC(C)(C)C1Cc2c(O)cc(O)cc2OC1C(=O)OC,292.3310000000001,2.4027000000000003,2,5,75.99,0.660636915435192,0.5957702487685255
EMB-3,C=CC(C)(C)C1Oc2cc(O)cc(O)c2CC1C(=O)OC,292.331,2.4027000000000003,2,5,75.99,0.660636915435192,0.5957702487685255
Embelin,C=CC(C)(C)C1Cc2c(O)cc(O)cc2OC1C(=O)OC,292.3310000000001,2.4027000000000003,2,5,75.99,0.660636915435192,0.5957702487685255
Asiaticoside,C=CC(C)(C)C1Oc2cc(O)cc(O)c2CC1C(=O)OC,292.331,2.4027000000000003,2,5,75.99,0.660636915435192,0.5957702487685255
Curcumin,COC(=O)c1cc(C2Cc3c(O)cc(O)cc3OC2OC)ccc1O,346.3350000000001,2.281200000000001,3,7,105.45000000000002,0.7322413883073323,0.5863747216406663
Glabridin,COC(=O)c1cc(C2Cc3c(O)cc(O)cc3OC2OC)ccc1O,346.3350000000001,2.281200000000001,3,7,105.45000000000002,0.7322413883073323,0.5863747216406663
Embelin,COC(=O)c1cc(C2Cc3c(O)cc(O)cc3OC2OC)ccc1O,346.3350000000001,2.281200000000001,3,7,105.45000000000002,0.7322413883073323,0.5863747216406663
EMB-3,COC(=O)c1cc(C2Cc3c(O)cc(O)cc3OC2OC)ccc1O,346.3350000000001,2.281200000000001,3,7,105.45000000000002,0.7322413883073323,0.5863747216406663
EMB-3,COC(=O)c1cc(C2Oc3cc(O)cc(O)c3CC2OC)ccc1O,346.33500000000004,2.281200000000001,3,7,105.45000000000002,0.7322413883073323,0.5863747216406663
EGCG,COC(=O)c1cc(C2Cc3c(O)cc(O)cc3OC2OC)ccc1O,346.3350000000001,2.281200000000001,3,7,105.45000000000002,0.7322413883073323,0.5863747216406663
Curcumin,COC(=O)c1cc(C2Oc3cc(O)cc(O)c3CC2OC)ccc1O,346.33500000000004,2.281200000000001,3,7,105.45000000000002,0.7322413883073323,0.5863747216406663
Glabridin,COC(=O)c1cc(C2Oc3cc(O)cc(O)c3CC2OC)ccc1O,346.33500000000004,2.281200000000001,3,7,105.45000000000002,0.7322413883073323,0.5863747216406663
EGCG,COC(=O)c1cc(C2Oc3cc(O)cc(O)c3CC2OC)ccc1O,346.33500000000004,2.281200000000001,3,7,105.45000000000002,0.7322413883073323,0.5863747216406663
Asiaticoside,COC(=O)c1cc(C2Oc3cc(O)cc(O)c3CC2OC)ccc1O,346.33500000000004,2.281200000000001,3,7,105.45000000000002,0.7322413883073323,0.5863747216406663
Asiaticoside,COC(=O)c1cc(C2Cc3c(O)cc(O)cc3OC2OC)ccc1O,346.3350000000001,2.281200000000001,3,7,105.45000000000002,0.7322413883073323,0.5863747216406663
Embelin,COC(=O)c1cc(C2Oc3cc(O)cc(O)c3CC2OC)ccc1O,346.33500000000004,2.281200000000001,3,7,105.45000000000002,0.7322413883073323,0.5863747216406663
Embelin,COC(=O)c1ccc(O)c(C2Cc3c(O)cc(O)cc3OC2OC)c1,346.3350000000001,2.2812,3,7,105.45000000000002,0.7322413883073323,0.5863747216406657
Glabridin,COC(=O)c1ccc(O)c(C2Cc3c(O)cc(O)cc3OC2OC)c1,346.3350000000001,2.2812,3,7,105.45000000000002,0.7322413883073323,0.5863747216406657
Curcumin,COC(=O)c1ccc(O)c(C2Oc3cc(O)cc(O)c3CC2OC)c1,346.3350000000001,2.2812,3,7,105.45000000000002,0.7322413883073323,0.5863747216406657
Embelin,COC(=O)c1ccc(O)c(C2Oc3cc(O)cc(O)c3CC2OC)c1,346.3350000000001,2.2812,3,7,105.45000000000002,0.7322413883073323,0.5863747216406657
EMB-3,COC(=O)c1ccc(O)c(C2Cc3c(O)cc(O)cc3OC2OC)c1,346.3350000000001,2.2812,3,7,105.45000000000002,0.7322413883073323,0.5863747216406657
EMB-3,COC(=O)c1ccc(O)c(C2Oc3cc(O)cc(O)c3CC2OC)c1,346.3350000000001,2.2812,3,7,105.45000000000002,0.7322413883073323,0.5863747216406657
EGCG,COC(=O)c1ccc(O)c(C2Cc3c(O)cc(O)cc3OC2OC)c1,346.3350000000001,2.2812,3,7,105.45000000000002,0.7322413883073323,0.5863747216406657
Asiaticoside,COC(=O)c1ccc(O)c(C2Oc3cc(O)cc(O)c3CC2OC)c1,346.3350000000001,2.2812,3,7,105.45000000000002,0.7322413883073323,0.5863747216406657
Glabridin,COC(=O)c1ccc(O)c(C2Oc3cc(O)cc(O)c3CC2OC)c1,346.3350000000001,2.2812,3,7,105.45000000000002,0.7322413883073323,0.5863747216406657
Asiaticoside,COC(=O)c1ccc(O)c(C2Cc3c(O)cc(O)cc3OC2OC)c1,346.3350000000001,2.2812,3,7,105.45000000000002,0.7322413883073323,0.5863747216406657
EGCG,COC(=O)c1ccc(O)c(C2Oc3cc(O)cc(O)c3CC2OC)c1,346.3350000000001,2.2812,3,7,105.45000000000002,0.7322413883073323,0.5863747216406657
Curcumin,COC(=O)c1ccc(O)c(C2Cc3c(O)cc(O)cc3OC2OC)c1,346.3350000000001,2.2812,3,7,105.45000000000002,0.7322413883073323,0.5863747216406657
EGCG,COC(=O)C1Cc2c(O)cc(O)cc2OC1c1cc(OC)ccc1O,346.3350000000001,2.2774000000000005,3,7,105.45000000000002,0.7322178802788768,0.5838178802788772
Embelin,COC(=O)C1Cc2c(O)cc(O)cc2OC1c1cc(OC)ccc1O,346.3350000000001,2.2774000000000005,3,7,105.45000000000002,0.7322178802788768,0.5838178802788772
EMB-3,COC(=O)C1Cc2c(O)cc(O)cc2OC1c1cc(OC)ccc1O,346.3350000000001,2.2774000000000005,3,7,105.45000000000002,0.7322178802788768,0.5838178802788772
Curcumin,COC(=O)C1Cc2c(O)cc(O)cc2OC1c1cc(OC)ccc1O,346.3350000000001,2.2774000000000005,3,7,105.45000000000002,0.7322178802788768,0.5838178802788772
Asiaticoside,COC(=O)C1Cc2c(O)cc(O)cc2OC1c1cc(OC)ccc1O,346.3350000000001,2.2774000000000005,3,7,105.45000000000002,0.7322178802788768,0.5838178802788772
Glabridin,COC(=O)C1Cc2c(O)cc(O)cc2OC1c1cc(OC)ccc1O,346.3350000000001,2.2774000000000005,3,7,105.45000000000002,0.7322178802788768,0.5838178802788772
Embelin,COC(=O)C1Cc2c(O)cc(O)cc2OC1c1ccc(O)c(OC)c1,346.3350000000001,2.2774,3,7,105.45000000000002,0.7322178802788768,0.5838178802788768
EGCG,COC(=O)C1Cc2c(O)cc(O)cc2OC1c1ccc(O)c(OC)c1,346.3350000000001,2.2774,3,7,105.45000000000002,0.7322178802788768,0.5838178802788768
EMB-3,COC(=O)C1Cc2c(O)cc(O)cc2OC1c1ccc(O)c(OC)c1,346.3350000000001,2.2774,3,7,105.45000000000002,0.7322178802788768,0.5838178802788768
Glabridin,COC(=O)C1Cc2c(O)cc(O)cc2OC1c1ccc(O)c(OC)c1,346.3350000000001,2.2774,3,7,105.45000000000002,0.7322178802788768,0.5838178802788768
Curcumin,COC(=O)C1Cc2c(O)cc(O)cc2OC1c1ccc(O)c(OC)c1,346.3350000000001,2.2774,3,7,105.45000000000002,0.7322178802788768,0.5838178802788768
Asiaticoside,COC(=O)C1Cc2c(O)cc(O)cc2OC1c1ccc(O)c(OC)c1,346.3350000000001,2.2774,3,7,105.45000000000002,0.7322178802788768,0.5838178802788768
Glabridin,OCc1cc(C=CC2COc3cc(O)ccc3C2)ccc1O,298.338,2.854600000000001,3,4,69.92,0.8146898133721664,0.5782898133721658
Embelin,OCc1cc(C=CC2COc3cc(O)ccc3C2)ccc1O,298.338,2.854600000000001,3,4,69.92,0.8146898133721664,0.5782898133721658
EMB-3,OCc1cc(C=CC2COc3cc(O)ccc3C2)ccc1O,298.338,2.854600000000001,3,4,69.92,0.8146898133721664,0.5782898133721658
Asiaticoside,OCc1cc(C=CC2COc3cc(O)ccc3C2)ccc1O,298.338,2.854600000000001,3,4,69.92,0.8146898133721664,0.5782898133721658
Curcumin,OCc1cc(C=CC2COc3cc(O)ccc3C2)ccc1O,298.338,2.854600000000001,3,4,69.92,0.8146898133721664,0.5782898133721658
EGCG,OCc1cc(C=CC2COc3cc(O)ccc3C2)ccc1O,298.338,2.854600000000001,3,4,69.92,0.8146898133721664,0.5782898133721658
Glabridin,OCc1ccc(O)c(C=CC2COc3cc(O)ccc3C2)c1,298.338,2.8546000000000014,3,4,69.92,0.8146898133721664,0.5782898133721655
EGCG,OCc1ccc(O)c(C=CC2COc3cc(O)ccc3C2)c1,298.338,2.8546000000000014,3,4,69.92,0.8146898133721664,0.5782898133721655
Curcumin,OCc1ccc(O)c(C=CC2COc3cc(O)ccc3C2)c1,298.338,2.8546000000000014,3,4,69.92,0.8146898133721664,0.5782898133721655
Embelin,OCc1ccc(O)c(C=CC2COc3cc(O)ccc3C2)c1,298.338,2.8546000000000014,3,4,69.92,0.8146898133721664,0.5782898133721655
EMB-3,OCc1ccc(O)c(C=CC2COc3cc(O)ccc3C2)c1,298.338,2.8546000000000014,3,4,69.92,0.8146898133721664,0.5782898133721655
Asiaticoside,OCc1ccc(O)c(C=CC2COc3cc(O)ccc3C2)c1,298.338,2.8546000000000014,3,4,69.92,0.8146898133721664,0.5782898133721655
Curcumin,COc1cc(OC2Oc3cc(O)cc(O)c3CC2OC)ccc1O,334.32400000000007,2.1670000000000003,3,7,97.61,0.7880485306657363,0.5660485306657365
Asiaticoside,COc1cc(OC2Cc3c(O)cc(O)cc3OC2OC)ccc1O,334.32400000000007,2.1670000000000003,3,7,97.61,0.7880485306657363,0.5660485306657365
EGCG,COc1cc(OC2Cc3c(O)cc(O)cc3OC2OC)ccc1O,334.32400000000007,2.1670000000000003,3,7,97.61,0.7880485306657363,0.5660485306657365
Glabridin,COc1cc(OC2Cc3c(O)cc(O)cc3OC2OC)ccc1O,334.32400000000007,2.1670000000000003,3,7,97.61,0.7880485306657363,0.5660485306657365
EMB-3,COc1cc(OC2Cc3c(O)cc(O)cc3OC2OC)ccc1O,334.32400000000007,2.1670000000000003,3,7,97.61,0.7880485306657363,0.5660485306657365
Embelin,COc1cc(OC2Oc3cc(O)cc(O)c3CC2OC)ccc1O,334.32400000000007,2.1670000000000003,3,7,97.61,0.7880485306657363,0.5660485306657365
EGCG,COc1cc(OC2Oc3cc(O)cc(O)c3CC2OC)ccc1O,334.32400000000007,2.1670000000000003,3,7,97.61,0.7880485306657363,0.5660485306657365
EMB-3,COc1cc(OC2Oc3cc(O)cc(O)c3CC2OC)ccc1O,334.32400000000007,2.1670000000000003,3,7,97.61,0.7880485306657363,0.5660485306657365
Glabridin,COc1cc(OC2Oc3cc(O)cc(O)c3CC2OC)ccc1O,334.32400000000007,2.1670000000000003,3,7,97.61,0.7880485306657363,0.5660485306657365
Embelin,COc1cc(OC2Cc3c(O)cc(O)cc3OC2OC)ccc1O,334.32400000000007,2.1670000000000003,3,7,97.61,0.7880485306657363,0.5660485306657365
Asiaticoside,COc1cc(OC2Oc3cc(O)cc(O)c3CC2OC)ccc1O,334.32400000000007,2.1670000000000003,3,7,97.61,0.7880485306657363,0.5660485306657365
Curcumin,COc1cc(OC2Cc3c(O)cc(O)cc3OC2OC)ccc1O,334.32400000000007,2.1670000000000003,3,7,97.61,0.7880485306657363,0.5660485306657365
EGCG,COc1ccc(O)c(OC2Cc3c(O)cc(O)cc3OC2OC)c1,334.32400000000007,2.167,3,7,97.61,0.7880485306657363,0.5660485306657362
EMB-3,COc1ccc(O)c(OC2Cc3c(O)cc(O)cc3OC2OC)c1,334.32400000000007,2.167,3,7,97.61,0.7880485306657363,0.5660485306657362
Curcumin,COc1ccc(O)c(OC2Cc3c(O)cc(O)cc3OC2OC)c1,334.32400000000007,2.167,3,7,97.61,0.7880485306657363,0.5660485306657362
Embelin,COc1ccc(O)c(OC2Cc3c(O)cc(O)cc3OC2OC)c1,334.32400000000007,2.167,3,7,97.61,0.7880485306657363,0.5660485306657362
Glabridin,COc1ccc(O)c(OC2Cc3c(O)cc(O)cc3OC2OC)c1,334.32400000000007,2.167,3,7,97.61,0.7880485306657363,0.5660485306657362
Asiaticoside,COc1ccc(O)c(OC2Cc3c(O)cc(O)cc3OC2OC)c1,334.32400000000007,2.167,3,7,97.61,0.7880485306657363,0.5660485306657362
EGCG,COc1ccc(O)c(OC2Oc3cc(O)cc(O)c3CC2OC)c1,334.3240000000001,2.167,3,7,97.61,0.7880485306657362,0.5660485306657361
Curcumin,COc1ccc(O)c(OC2Oc3cc(O)cc(O)c3CC2OC)c1,334.3240000000001,2.167,3,7,97.61,0.7880485306657362,0.5660485306657361
Asiaticoside,COc1ccc(O)c(OC2Oc3cc(O)cc(O)c3CC2OC)c1,334.3240000000001,2.167,3,7,97.61,0.7880485306657362,0.5660485306657361
Embelin,COc1ccc(O)c(OC2Oc3cc(O)cc(O)c3CC2OC)c1,334.3240000000001,2.167,3,7,97.61,0.7880485306657362,0.5660485306657361
EMB-3,COc1ccc(O)c(OC2Oc3cc(O)cc(O)c3CC2OC)c1,334.3240000000001,2.167,3,7,97.61,0.7880485306657362,0.5660485306657361
Glabridin,COc1ccc(O)c(OC2Oc3cc(O)cc(O)c3CC2OC)c1,334.3240000000001,2.167,3,7,97.61,0.7880485306657362,0.5660485306657361
Curcumin,COc1ccc(OC2COc3cc(O)ccc3C2)c(O)c1O,304.298,2.194500000000001,3,6,88.38000000000001,0.7533965897937924,0.5497299231271264
Embelin,COc1ccc(OC2COc3cc(O)ccc3C2)c(O)c1O,304.298,2.194500000000001,3,6,88.38000000000001,0.7533965897937924,0.5497299231271264
EGCG,COc1ccc(OC2COc3cc(O)ccc3C2)c(O)c1O,304.298,2.194500000000001,3,6,88.38000000000001,0.7533965897937924,0.5497299231271264
Asiaticoside,COc1ccc(OC2COc3cc(O)ccc3C2)c(O)c1O,304.298,2.194500000000001,3,6,88.38000000000001,0.7533965897937924,0.5497299231271264
Glabridin,COc1ccc(OC2COc3cc(O)ccc3C2)c(O)c1O,304.298,2.194500000000001,3,6,88.38000000000001,0.7533965897937924,0.5497299231271264
EMB-3,COc1ccc(OC2COc3cc(O)ccc3C2)c(O)c1O,304.298,2.194500000000001,3,6,88.38000000000001,0.7533965897937924,0.5497299231271264
Asiaticoside,C=CC(C)(C)C1Cc2c(O)cc(O)cc2OC1CO,264.321,2.222000000000001,3,4,69.92,0.7321211888620913,0.5467878555287585
Curcumin,C=CC(C)(C)C1Cc2c(O)cc(O)cc2OC1CO,264.321,2.222000000000001,3,4,69.92,0.7321211888620913,0.5467878555287585
EGCG,C=CC(C)(C)C1Oc2cc(O)cc(O)c2CC1CO,264.321,2.222000000000001,3,4,69.92,0.7321211888620913,0.5467878555287585
EMB-3,C=CC(C)(C)C1Cc2c(O)cc(O)cc2OC1CO,264.321,2.222000000000001,3,4,69.92,0.7321211888620913,0.5467878555287585
Embelin,C=CC(C)(C)C1Cc2c(O)cc(O)cc2OC1CO,264.321,2.222000000000001,3,4,69.92,0.7321211888620913,0.5467878555287585
EGCG,C=CC(C)(C)C1Cc2c(O)cc(O)cc2OC1CO,264.321,2.222000000000001,3,4,69.92,0.7321211888620913,0.5467878555287585
Embelin,C=CC(C)(C)C1Oc2cc(O)cc(O)c2CC1CO,264.321,2.222000000000001,3,4,69.92,0.7321211888620913,0.5467878555287585
Glabridin,C=CC(C)(C)C1Cc2c(O)cc(O)cc2OC1CO,264.321,2.222000000000001,3,4,69.92,0.7321211888620913,0.5467878555287585
Glabridin,C=CC(C)(C)C1Oc2cc(O)cc(O)c2CC1CO,264.321,2.222000000000001,3,4,69.92,0.7321211888620913,0.5467878555287585
Curcumin,C=CC(C)(C)C1Oc2cc(O)cc(O)c2CC1CO,264.321,2.222000000000001,3,4,69.92,0.7321211888620913,0.5467878555287585
EMB-3,C=CC(C)(C)C1Oc2cc(O)cc(O)c2CC1CO,264.321,2.222000000000001,3,4,69.92,0.7321211888620913,0.5467878555287585
Asiaticoside,C=CC(C)(C)C1Oc2cc(O)cc(O)c2CC1CO,264.321,2.222000000000001,3,4,69.92,0.7321211888620913,0.5467878555287585
Curcumin,C=CC(C)(C)c1ccc(OC)c(O)c1O,208.257,2.570000000000001,2,3,49.69,0.5925620600859064,0.545895393419239
Glabridin,C=CC(C)(C)c1ccc(OC)c(O)c1O,208.257,2.570000000000001,2,3,49.69,0.5925620600859064,0.545895393419239
EGCG,C=CC(C)(C)c1ccc(OC)c(O)c1O,208.257,2.570000000000001,2,3,49.69,0.5925620600859064,0.545895393419239
Embelin,C=CC(C)(C)c1ccc(OC)c(O)c1O,208.257,2.570000000000001,2,3,49.69,0.5925620600859064,0.545895393419239
Asiaticoside,C=CC(C)(C)c1ccc(OC)c(O)c1O,208.257,2.570000000000001,2,3,49.69,0.5925620600859064,0.545895393419239
EMB-3,C=CC(C)(C)c1ccc(OC)c(O)c1O,208.257,2.570000000000001,2,3,49.69,0.5925620600859064,0.545895393419239
EMB-3,C=CC(C)(C)c1ccc(O)c(C2OC(C(C)(C)C=C)C(O)C(O)C2O)c1,362.46600000000007,2.5906,4,5,90.15,0.6046799231293419,0.544279923129342
Glabridin,C=CC(C)(C)c1ccc(O)c(C2OC(C(C)(C)C=C)C(O)C(O)C2O)c1,362.46600000000007,2.5906,4,5,90.15,0.6046799231293419,0.544279923129342
EGCG,C=CC(C)(C)c1ccc(O)c(C2OC(C(C)(C)C=C)C(O)C(O)C2O)c1,362.46600000000007,2.5906,4,5,90.15,0.6046799231293419,0.544279923129342
Asiaticoside,C=CC(C)(C)c1ccc(O)c(C2OC(C(C)(C)C=C)C(O)C(O)C2O)c1,362.46600000000007,2.5906,4,5,90.15,0.6046799231293419,0.544279923129342
Curcumin,C=CC(C)(C)c1ccc(O)c(C2OC(C(C)(C)C=C)C(O)C(O)C2O)c1,362.46600000000007,2.5906,4,5,90.15,0.6046799231293419,0.544279923129342
Embelin,C=CC(C)(C)c1ccc(O)c(C2OC(C(C)(C)C=C)C(O)C(O)C2O)c1,362.46600000000007,2.5906,4,5,90.15,0.6046799231293419,0.544279923129342
EMB-3,C=CC(C)(C)c1cc(C2OC(C(C)(C)C=C)C(O)C(O)C2O)ccc1O,362.466,2.5906000000000016,4,5,90.15,0.6046799231293419,0.5442799231293409
Curcumin,C=CC(C)(C)c1cc(C2OC(C(C)(C)C=C)C(O)C(O)C2O)ccc1O,362.466,2.5906000000000016,4,5,90.15,0.6046799231293419,0.5442799231293409
Glabridin,C=CC(C)(C)c1cc(C2OC(C(C)(C)C=C)C(O)C(O)C2O)ccc1O,362.466,2.5906000000000016,4,5,90.15,0.6046799231293419,0.5442799231293409
Asiaticoside,C=CC(C)(C)c1cc(C2OC(C(C)(C)C=C)C(O)C(O)C2O)ccc1O,362.466,2.5906000000000016,4,5,90.15,0.6046799231293419,0.5442799231293409
Embelin,C=CC(C)(C)c1cc(C2OC(C(C)(C)C=C)C(O)C(O)C2O)ccc1O,362.466,2.5906000000000016,4,5,90.15,0.6046799231293419,0.5442799231293409
EGCG,C=CC(C)(C)c1cc(C2OC(C(C)(C)C=C)C(O)C(O)C2O)ccc1O,362.466,2.5906000000000016,4,5,90.15,0.6046799231293419,0.5442799231293409
EGCG,C=CC(C)(C)c1ccc(O)c(C(=O)OC)c1,220.268,2.642400000000001,1,3,46.53,0.628858684541469,0.5339253512081349
Asiaticoside,C=CC(C)(C)c1ccc(O)c(C(=O)OC)c1,220.268,2.642400000000001,1,3,46.53,0.628858684541469,0.5339253512081349
Embelin,C=CC(C)(C)c1ccc(O)c(C(=O)OC)c1,220.268,2.642400000000001,1,3,46.53,0.628858684541469,0.5339253512081349
Curcumin,C=CC(C)(C)c1ccc(O)c(C(=O)OC)c1,220.268,2.642400000000001,1,3,46.53,0.628858684541469,0.5339253512081349
Glabridin,C=CC(C)(C)c1ccc(O)c(C(=O)OC)c1,220.268,2.642400000000001,1,3,46.53,0.628858684541469,0.5339253512081349
EMB-3,C=CC(C)(C)c1ccc(O)c(C(=O)OC)c1,220.268,2.642400000000001,1,3,46.53,0.628858684541469,0.5339253512081349
Asiaticoside,C=CC(C)(C)c1cc(C(=O)OC)ccc1O,220.268,2.6424000000000016,1,3,46.53,0.628858684541469,0.5339253512081346
EMB-3,C=CC(C)(C)c1cc(C(=O)OC)ccc1O,220.268,2.6424000000000016,1,3,46.53,0.628858684541469,0.5339253512081346
Curcumin,C=CC(C)(C)c1cc(C(=O)OC)ccc1O,220.268,2.6424000000000016,1,3,46.53,0.628858684541469,0.5339253512081346
Glabridin,C=CC(C)(C)c1cc(C(=O)OC)ccc1O,220.268,2.6424000000000016,1,3,46.53,0.628858684541469,0.5339253512081346
EGCG,C=CC(C)(C)c1cc(C(=O)OC)ccc1O,220.268,2.6424000000000016,1,3,46.53,0.628858684541469,0.5339253512081346
Embelin,C=CC(C)(C)c1cc(C(=O)OC)ccc1O,220.268,2.6424000000000016,1,3,46.53,0.628858684541469,0.5339253512081346
EMB-3,COc1ccc(Oc2ccc(OC)c(O)c2O)c(O)c1O,294.259,2.318500000000002,4,7,108.61,0.6405959739822071,0.5195959739822085
Embelin,COc1ccc(Oc2ccc(OC)c(O)c2O)c(O)c1O,294.259,2.318500000000002,4,7,108.61,0.6405959739822071,0.5195959739822085
Glabridin,COc1ccc(Oc2ccc(OC)c(O)c2O)c(O)c1O,294.259,2.318500000000002,4,7,108.61,0.6405959739822071,0.5195959739822085
Asiaticoside,COc1ccc(Oc2ccc(OC)c(O)c2O)c(O)c1O,294.259,2.318500000000002,4,7,108.61,0.6405959739822071,0.5195959739822085
EGCG,COc1ccc(Oc2ccc(OC)c(O)c2O)c(O)c1O,294.259,2.318500000000002,4,7,108.61,0.6405959739822071,0.5195959739822085
Curcumin,COc1ccc(Oc2ccc(OC)c(O)c2O)c(O)c1O,294.259,2.318500000000002,4,7,108.61,0.6405959739822071,0.5195959739822085
EGCG,COc1cc(OC(=O)C2COc3cc(O)ccc3C2)ccc1O,316.309,2.263100000000001,2,6,85.22000000000001,0.6672281021193439,0.5092947687860112
Curcumin,COc1cc(OC(=O)C2COc3cc(O)ccc3C2)ccc1O,316.309,2.263100000000001,2,6,85.22000000000001,0.6672281021193439,0.5092947687860112
Glabridin,COc1ccc(O)c(OC(=O)C2COc3cc(O)ccc3C2)c1,316.309,2.263100000000001,2,6,85.22,0.6672281021193439,0.5092947687860112
Embelin,COc1ccc(O)c(OC(=O)C2COc3cc(O)ccc3C2)c1,316.309,2.263100000000001,2,6,85.22,0.6672281021193439,0.5092947687860112
Asiaticoside,COc1ccc(O)c(OC(=O)C2COc3cc(O)ccc3C2)c1,316.309,2.263100000000001,2,6,85.22,0.6672281021193439,0.5092947687860112
Asiaticoside,COc1cc(OC(=O)C2COc3cc(O)ccc3C2)ccc1O,316.309,2.263100000000001,2,6,85.22000000000001,0.6672281021193439,0.5092947687860112
EMB-3,COc1cc(OC(=O)C2COc3cc(O)ccc3C2)ccc1O,316.309,2.263100000000001,2,6,85.22000000000001,0.6672281021193439,0.5092947687860112
Glabridin,COc1cc(OC(=O)C2COc3cc(O)ccc3C2)ccc1O,316.309,2.263100000000001,2,6,85.22000000000001,0.6672281021193439,0.5092947687860112
EMB-3,COc1ccc(O)c(OC(=O)C2COc3cc(O)ccc3C2)c1,316.309,2.263100000000001,2,6,85.22,0.6672281021193439,0.5092947687860112
Embelin,COc1cc(OC(=O)C2COc3cc(O)ccc3C2)ccc1O,316.309,2.263100000000001,2,6,85.22000000000001,0.6672281021193439,0.5092947687860112
Curcumin,COc1ccc(O)c(OC(=O)C2COc3cc(O)ccc3C2)c1,316.309,2.263100000000001,2,6,85.22,0.6672281021193439,0.5092947687860112
EGCG,COc1ccc(O)c(OC(=O)C2COc3cc(O)ccc3C2)c1,316.309,2.263100000000001,2,6,85.22,0.6672281021193439,0.5092947687860112
EGCG,COC1Oc2cc(O)cc(O)c2CC1C=Cc1cc(O)c(O)c(O)c1,346.33500000000004,2.451600000000001,5,7,119.61,0.5415237205815087,0.5092570539148426
Asiaticoside,COC1Oc2cc(O)cc(O)c2CC1C=Cc1cc(O)c(O)c(O)c1,346.33500000000004,2.451600000000001,5,7,119.61,0.5415237205815087,0.5092570539148426
Glabridin,COC1Oc2cc(O)cc(O)c2CC1C=Cc1cc(O)c(O)c(O)c1,346.33500000000004,2.451600000000001,5,7,119.61,0.5415237205815087,0.5092570539148426
EMB-3,COC1Oc2cc(O)cc(O)c2CC1C=Cc1cc(O)c(O)c(O)c1,346.33500000000004,2.451600000000001,5,7,119.61,0.5415237205815087,0.5092570539148426
Embelin,COC1Oc2cc(O)cc(O)c2CC1C=Cc1cc(O)c(O)c(O)c1,346.33500000000004,2.451600000000001,5,7,119.61,0.5415237205815087,0.5092570539148426
Curcumin,COC1Oc2cc(O)cc(O)c2CC1C=Cc1cc(O)c(O)c(O)c1,346.33500000000004,2.451600000000001,5,7,119.61,0.5415237205815087,0.5092570539148426
Asiaticoside,COc1ccc(O)c(Oc2cc(O)c(O)c(O)c2)c1,264.233,2.3099000000000007,4,6,99.38,0.6347460310949505,0.5080126977616177
EMB-3,COc1ccc(O)c(Oc2cc(O)c(O)c(O)c2)c1,264.233,2.3099000000000007,4,6,99.38,0.6347460310949505,0.5080126977616177
Embelin,COc1ccc(O)c(Oc2cc(O)c(O)c(O)c2)c1,264.233,2.3099000000000007,4,6,99.38,0.6347460310949505,0.5080126977616177
Curcumin,COc1ccc(O)c(Oc2cc(O)c(O)c(O)c2)c1,264.233,2.3099000000000007,4,6,99.38,0.6347460310949505,0.5080126977616177
EGCG,COc1ccc(O)c(Oc2cc(O)c(O)c(O)c2)c1,264.233,2.3099000000000007,4,6,99.38,0.6347460310949505,0.5080126977616177
Glabridin,COc1ccc(O)c(Oc2cc(O)c(O)c(O)c2)c1,264.233,2.3099000000000007,4,6,99.38,0.6347460310949505,0.5080126977616177
Curcumin,COc1cc(Oc2cc(O)c(O)c(O)c2)ccc1O,264.233,2.3099000000000003,4,6,99.38,0.6347460310949505,0.5080126977616174
Asiaticoside,COc1cc(Oc2cc(O)c(O)c(O)c2)ccc1O,264.233,2.3099000000000003,4,6,99.38,0.6347460310949505,0.5080126977616174
EMB-3,COc1cc(Oc2cc(O)c(O)c(O)c2)ccc1O,264.233,2.3099000000000003,4,6,99.38,0.6347460310949505,0.5080126977616174
Glabridin,COc1cc(Oc2cc(O)c(O)c(O)c2)ccc1O,264.233,2.3099000000000003,4,6,99.38,0.6347460310949505,0.5080126977616174
EGCG,COc1cc(Oc2cc(O)c(O)c(O)c2)ccc1O,264.233,2.3099000000000003,4,6,99.38,0.6347460310949505,0.5080126977616174
Embelin,COc1cc(Oc2cc(O)c(O)c(O)c2)ccc1O,264.233,2.3099000000000003,4,6,99.38,0.6347460310949505,0.5080126977616174
Glabridin,COC1Oc2cc(O)cc(O)c2CC1OC1COc2cc(O)ccc2C1,360.3620000000001,2.0996999999999995,3,7,97.61,0.771026670809921,0.504160004143254
Asiaticoside,COC1Cc2c(O)cc(O)cc2OC1OC1COc2cc(O)ccc2C1,360.3620000000001,2.0996999999999995,3,7,97.61,0.771026670809921,0.504160004143254
Curcumin,COC1Cc2c(O)cc(O)cc2OC1OC1COc2cc(O)ccc2C1,360.3620000000001,2.0996999999999995,3,7,97.61,0.771026670809921,0.504160004143254
Curcumin,COC1Oc2cc(O)cc(O)c2CC1OC1COc2cc(O)ccc2C1,360.3620000000001,2.0996999999999995,3,7,97.61,0.771026670809921,0.504160004143254
Asiaticoside,COC1Oc2cc(O)cc(O)c2CC1OC1COc2cc(O)ccc2C1,360.3620000000001,2.0996999999999995,3,7,97.61,0.771026670809921,0.504160004143254
Embelin,COC1Oc2cc(O)cc(O)c2CC1OC1COc2cc(O)ccc2C1,360.3620000000001,2.0996999999999995,3,7,97.61,0.771026670809921,0.504160004143254
EMB-3,COC1Oc2cc(O)cc(O)c2CC1OC1COc2cc(O)ccc2C1,360.3620000000001,2.0996999999999995,3,7,97.61,0.771026670809921,0.504160004143254
EMB-3,COC1Cc2c(O)cc(O)cc2OC1OC1COc2cc(O)ccc2C1,360.3620000000001,2.0996999999999995,3,7,97.61,0.771026670809921,0.504160004143254
EGCG,COC1Cc2c(O)cc(O)cc2OC1OC1COc2cc(O)ccc2C1,360.3620000000001,2.0996999999999995,3,7,97.61,0.771026670809921,0.504160004143254
EGCG,COC1Oc2cc(O)cc(O)c2CC1OC1COc2cc(O)ccc2C1,360.3620000000001,2.0996999999999995,3,7,97.61,0.771026670809921,0.504160004143254
Embelin,COC1Cc2c(O)cc(O)cc2OC1OC1COc2cc(O)ccc2C1,360.3620000000001,2.0996999999999995,3,7,97.61,0.771026670809921,0.504160004143254
Glabridin,COC1Cc2c(O)cc(O)cc2OC1OC1COc2cc(O)ccc2C1,360.3620000000001,2.0996999999999995,3,7,97.61,0.771026670809921,0.504160004143254
Embelin,C=CC(C)(C)c1ccc(O)c(OC)c1,192.258,2.8644000000000007,1,2,29.46,0.7460501419675294,0.5031168086341956
EGCG,C=CC(C)(C)c1ccc(O)c(OC)c1,192.258,2.8644000000000007,1,2,29.46,0.7460501419675294,0.5031168086341956
Asiaticoside,C=CC(C)(C)c1ccc(O)c(OC)c1,192.258,2.8644000000000007,1,2,29.46,0.7460501419675294,0.5031168086341956
Glabridin,C=CC(C)(C)c1ccc(O)c(OC)c1,192.258,2.8644000000000007,1,2,29.46,0.7460501419675294,0.5031168086341956
Curcumin,C=CC(C)(C)c1ccc(O)c(OC)c1,192.258,2.8644000000000007,1,2,29.46,0.7460501419675294,0.5031168086341956
EMB-3,C=CC(C)(C)c1ccc(O)c(OC)c1,192.258,2.8644000000000007,1,2,29.46,0.7460501419675294,0.5031168086341956
Glabridin,C=CC(C)(C)c1cc(OC)ccc1O,192.258,2.864400000000002,1,2,29.46,0.7460501419675294,0.5031168086341947
EGCG,C=CC(C)(C)c1cc(OC)ccc1O,192.258,2.864400000000002,1,2,29.46,0.7460501419675294,0.5031168086341947
Embelin,C=CC(C)(C)c1cc(OC)ccc1O,192.258,2.864400000000002,1,2,29.46,0.7460501419675294,0.5031168086341947
Curcumin,C=CC(C)(C)c1cc(OC)ccc1O,192.258,2.864400000000002,1,2,29.46,0.7460501419675294,0.5031168086341947
Asiaticoside,C=CC(C)(C)c1cc(OC)ccc1O,192.258,2.864400000000002,1,2,29.46,0.7460501419675294,0.5031168086341947
EMB-3,C=CC(C)(C)c1cc(OC)ccc1O,192.258,2.864400000000002,1,2,29.46,0.7460501419675294,0.5031168086341947
EMB-3,C=CC(C)(C)C1OC(c2cc(-c3ccc(O)c(OC)c3)ccc2O)C(O)C(O)C1O,416.47,2.508200000000001,5,7,119.61,0.4752037163844543,0.46973704971778707
Glabridin,C=CC(C)(C)C1OC(c2cc(-c3ccc(O)c(OC)c3)ccc2O)C(O)C(O)C1O,416.47,2.508200000000001,5,7,119.61,0.4752037163844543,0.46973704971778707
EGCG,C=CC(C)(C)C1OC(c2cc(-c3ccc(O)c(OC)c3)ccc2O)C(O)C(O)C1O,416.47,2.508200000000001,5,7,119.61,0.4752037163844543,0.46973704971778707
EGCG,C=CC(C)(C)C1OC(c2cc(-c3cc(OC)ccc3O)ccc2O)C(O)C(O)C1O,416.47,2.508200000000001,5,7,119.61,0.4752037163844543,0.46973704971778707
Glabridin,C=CC(C)(C)C1OC(c2cc(-c3cc(OC)ccc3O)ccc2O)C(O)C(O)C1O,416.47,2.508200000000001,5,7,119.61,0.4752037163844543,0.46973704971778707
Embelin,C=CC(C)(C)C1OC(c2cc(-c3ccc(O)c(OC)c3)ccc2O)C(O)C(O)C1O,416.47,2.508200000000001,5,7,119.61,0.4752037163844543,0.46973704971778707
Curcumin,C=CC(C)(C)C1OC(c2cc(-c3cc(OC)ccc3O)ccc2O)C(O)C(O)C1O,416.47,2.508200000000001,5,7,119.61,0.4752037163844543,0.46973704971778707
Asiaticoside,C=CC(C)(C)C1OC(c2cc(-c3ccc(O)c(OC)c3)ccc2O)C(O)C(O)C1O,416.47,2.508200000000001,5,7,119.61,0.4752037163844543,0.46973704971778707
Asiaticoside,C=CC(C)(C)C1OC(c2cc(-c3cc(OC)ccc3O)ccc2O)C(O)C(O)C1O,416.47,2.508200000000001,5,7,119.61,0.4752037163844543,0.46973704971778707
Curcumin,C=CC(C)(C)C1OC(c2cc(-c3ccc(O)c(OC)c3)ccc2O)C(O)C(O)C1O,416.47,2.508200000000001,5,7,119.61,0.4752037163844543,0.46973704971778707
Embelin,C=CC(C)(C)C1OC(c2cc(-c3cc(OC)ccc3O)ccc2O)C(O)C(O)C1O,416.47,2.508200000000001,5,7,119.61,0.4752037163844543,0.46973704971778707
EMB-3,C=CC(C)(C)C1OC(c2cc(-c3cc(OC)ccc3O)ccc2O)C(O)C(O)C1O,416.47,2.508200000000001,5,7,119.61,0.4752037163844543,0.46973704971778707
Curcumin,C=CC(C)(C)C1OC(c2ccc(O)c(-c3cc(OC)ccc3O)c2)C(O)C(O)C1O,416.47,2.5082000000000018,5,7,119.61,0.4752037163844543,0.46973704971778646
Asiaticoside,C=CC(C)(C)C1OC(c2ccc(O)c(-c3cc(OC)ccc3O)c2)C(O)C(O)C1O,416.47,2.5082000000000018,5,7,119.61,0.4752037163844543,0.46973704971778646
EGCG,C=CC(C)(C)C1OC(c2ccc(O)c(-c3cc(OC)ccc3O)c2)C(O)C(O)C1O,416.47,2.5082000000000018,5,7,119.61,0.4752037163844543,0.46973704971778646
Embelin,C=CC(C)(C)C1OC(c2ccc(O)c(-c3cc(OC)ccc3O)c2)C(O)C(O)C1O,416.47,2.5082000000000018,5,7,119.61,0.4752037163844543,0.46973704971778646
Glabridin,C=CC(C)(C)C1OC(c2ccc(O)c(-c3cc(OC)ccc3O)c2)C(O)C(O)C1O,416.47,2.5082000000000018,5,7,119.61,0.4752037163844543,0.46973704971778646
EMB-3,C=CC(C)(C)C1OC(c2ccc(O)c(-c3cc(OC)ccc3O)c2)C(O)C(O)C1O,416.47,2.5082000000000018,5,7,119.61,0.4752037163844543,0.46973704971778646
Glabridin,C=CC(C)(C)C1OC(c2ccc(O)c(-c3ccc(O)c(OC)c3)c2)C(O)C(O)C1O,416.4700000000001,2.5082000000000018,5,7,119.61,0.4752037163844542,0.46973704971778635
Embelin,C=CC(C)(C)C1OC(c2ccc(O)c(-c3ccc(O)c(OC)c3)c2)C(O)C(O)C1O,416.4700000000001,2.5082000000000018,5,7,119.61,0.4752037163844542,0.46973704971778635
EMB-3,C=CC(C)(C)C1OC(c2ccc(O)c(-c3ccc(O)c(OC)c3)c2)C(O)C(O)C1O,416.4700000000001,2.5082000000000018,5,7,119.61,0.4752037163844542,0.46973704971778635
EGCG,C=CC(C)(C)C1OC(c2ccc(O)c(-c3ccc(O)c(OC)c3)c2)C(O)C(O)C1O,416.4700000000001,2.5082000000000018,5,7,119.61,0.4752037163844542,0.46973704971778635
Asiaticoside,C=CC(C)(C)C1OC(c2ccc(O)c(-c3ccc(O)c(OC)c3)c2)C(O)C(O)C1O,416.4700000000001,2.5082000000000018,5,7,119.61,0.4752037163844542,0.46973704971778635
Curcumin,C=CC(C)(C)C1OC(c2ccc(O)c(-c3ccc(O)c(OC)c3)c2)C(O)C(O)C1O,416.4700000000001,2.5082000000000018,5,7,119.61,0.4752037163844542,0.46973704971778635
Embelin,COC(=O)C1Cc2c(O)cc(O)cc2OC1C1COc2cc(O)ccc2C1,372.37300000000016,2.1474,3,7,105.45000000000002,0.6937838538139727,0.45871718714730614
Curcumin,COC(=O)C1Cc2c(O)cc(O)cc2OC1C1COc2cc(O)ccc2C1,372.37300000000016,2.1474,3,7,105.45000000000002,0.6937838538139727,0.45871718714730614
EMB-3,COC(=O)C1Cc2c(O)cc(O)cc2OC1C1COc2cc(O)ccc2C1,372.37300000000016,2.1474,3,7,105.45000000000002,0.6937838538139727,0.45871718714730614
Asiaticoside,COC(=O)C1Cc2c(O)cc(O)cc2OC1C1COc2cc(O)ccc2C1,372.37300000000016,2.1474,3,7,105.45000000000002,0.6937838538139727,0.45871718714730614
Glabridin,COC(=O)C1Cc2c(O)cc(O)cc2OC1C1COc2cc(O)ccc2C1,372.37300000000016,2.1474,3,7,105.45000000000002,0.6937838538139727,0.45871718714730614
EGCG,COC(=O)C1Cc2c(O)cc(O)cc2OC1C1COc2cc(O)ccc2C1,372.37300000000016,2.1474,3,7,105.45000000000002,0.6937838538139727,0.45871718714730614
Asiaticoside,Oc1ccc2c(c1)OCC(C=Cc1cc(O)c(O)c(O)c1)C2,300.31000000000006,2.773500000000002,4,5,90.15,0.6403104151323447,0.45797708179901
EGCG,Oc1ccc2c(c1)OCC(C=Cc1cc(O)c(O)c(O)c1)C2,300.31000000000006,2.773500000000002,4,5,90.15,0.6403104151323447,0.45797708179901
Glabridin,Oc1ccc2c(c1)OCC(C=Cc1cc(O)c(O)c(O)c1)C2,300.31000000000006,2.773500000000002,4,5,90.15,0.6403104151323447,0.45797708179901
EMB-3,Oc1ccc2c(c1)OCC(C=Cc1cc(O)c(O)c(O)c1)C2,300.31000000000006,2.773500000000002,4,5,90.15,0.6403104151323447,0.45797708179901
Embelin,Oc1ccc2c(c1)OCC(C=Cc1cc(O)c(O)c(O)c1)C2,300.31000000000006,2.773500000000002,4,5,90.15,0.6403104151323447,0.45797708179901
Curcumin,Oc1ccc2c(c1)OCC(C=Cc1cc(O)c(O)c(O)c1)C2,300.31000000000006,2.773500000000002,4,5,90.15,0.6403104151323447,0.45797708179901
Curcumin,COC(=O)c1ccc(C2COc3cc(O)ccc3C2)c(O)c1O,316.3090000000001,2.308700000000001,3,6,96.22,0.5810182576111851,0.45348492427785236
EGCG,COC(=O)c1ccc(C2COc3cc(O)ccc3C2)c(O)c1O,316.3090000000001,2.308700000000001,3,6,96.22,0.5810182576111851,0.45348492427785236
EMB-3,COC(=O)c1ccc(C2COc3cc(O)ccc3C2)c(O)c1O,316.3090000000001,2.308700000000001,3,6,96.22,0.5810182576111851,0.45348492427785236
Glabridin,COC(=O)c1ccc(C2COc3cc(O)ccc3C2)c(O)c1O,316.3090000000001,2.308700000000001,3,6,96.22,0.5810182576111851,0.45348492427785236
Embelin,COC(=O)c1ccc(C2COc3cc(O)ccc3C2)c(O)c1O,316.3090000000001,2.308700000000001,3,6,96.22,0.5810182576111851,0.45348492427785236
Asiaticoside,COC(=O)c1ccc(C2COc3cc(O)ccc3C2)c(O)c1O,316.3090000000001,2.308700000000001,3,6,96.22,0.5810182576111851,0.45348492427785236
Asiaticoside,OCc1cc(OC2COc3cc(O)ccc3C2)ccc1O,288.29900000000004,1.9726000000000004,3,5,79.15,0.8044816316485434,0.4528816316485436
Glabridin,OCc1cc(OC2COc3cc(O)ccc3C2)ccc1O,288.29900000000004,1.9726000000000004,3,5,79.15,0.8044816316485434,0.4528816316485436
EMB-3,OCc1cc(OC2COc3cc(O)ccc3C2)ccc1O,288.29900000000004,1.9726000000000004,3,5,79.15,0.8044816316485434,0.4528816316485436
Curcumin,OCc1cc(OC2COc3cc(O)ccc3C2)ccc1O,288.29900000000004,1.9726000000000004,3,5,79.15,0.8044816316485434,0.4528816316485436
EGCG,OCc1cc(OC2COc3cc(O)ccc3C2)ccc1O,288.29900000000004,1.9726000000000004,3,5,79.15,0.8044816316485434,0.4528816316485436
Embelin,OCc1cc(OC2COc3cc(O)ccc3C2)ccc1O,288.29900000000004,1.9726000000000004,3,5,79.15,0.8044816316485434,0.4528816316485436
Asiaticoside,OCc1ccc(O)c(OC2COc3cc(O)ccc3C2)c1,288.29900000000004,1.9726,3,5,79.15,0.8044816316485434,0.4528816316485433
EMB-3,OCc1ccc(O)c(OC2COc3cc(O)ccc3C2)c1,288.29900000000004,1.9726,3,5,79.15,0.8044816316485434,0.4528816316485433
EGCG,OCc1ccc(O)c(OC2COc3cc(O)ccc3C2)c1,288.29900000000004,1.9726,3,5,79.15,0.8044816316485434,0.4528816316485433
Glabridin,OCc1ccc(O)c(OC2COc3cc(O)ccc3C2)c1,288.29900000000004,1.9726,3,5,79.15,0.8044816316485434,0.4528816316485433
Embelin,OCc1ccc(O)c(OC2COc3cc(O)ccc3C2)c1,288.29900000000004,1.9726,3,5,79.15,0.8044816316485434,0.4528816316485433
Curcumin,OCc1ccc(O)c(OC2COc3cc(O)ccc3C2)c1,288.29900000000004,1.9726,3,5,79.15,0.8044816316485434,0.4528816316485433
EGCG,C=CC(C)(C)c1ccc(O)c(C2OC(c3cc(OC)ccc3O)C(O)C(O)C2O)c1,416.47,2.465300000000001,5,7,119.61,0.4750981071780927,0.45196477384475997
Embelin,C=CC(C)(C)c1ccc(O)c(C2OC(c3cc(OC)ccc3O)C(O)C(O)C2O)c1,416.47,2.465300000000001,5,7,119.61,0.4750981071780927,0.45196477384475997
Curcumin,C=CC(C)(C)c1ccc(O)c(C2OC(c3cc(OC)ccc3O)C(O)C(O)C2O)c1,416.47,2.465300000000001,5,7,119.61,0.4750981071780927,0.45196477384475997
Asiaticoside,C=CC(C)(C)c1ccc(O)c(C2OC(c3cc(OC)ccc3O)C(O)C(O)C2O)c1,416.47,2.465300000000001,5,7,119.61,0.4750981071780927,0.45196477384475997
Glabridin,C=CC(C)(C)c1ccc(O)c(C2OC(c3cc(OC)ccc3O)C(O)C(O)C2O)c1,416.47,2.465300000000001,5,7,119.61,0.4750981071780927,0.45196477384475997
EMB-3,C=CC(C)(C)c1ccc(O)c(C2OC(c3cc(OC)ccc3O)C(O)C(O)C2O)c1,416.47,2.465300000000001,5,7,119.61,0.4750981071780927,0.45196477384475997
Asiaticoside,C=CC(C)(C)c1ccc(O)c(C2OC(c3ccc(O)c(OC)c3)C(O)C(O)C2O)c1,416.4700000000001,2.465300000000001,5,7,119.61,0.4750981071780926,0.45196477384475986
Glabridin,C=CC(C)(C)c1ccc(O)c(C2OC(c3ccc(O)c(OC)c3)C(O)C(O)C2O)c1,416.4700000000001,2.465300000000001,5,7,119.61,0.4750981071780926,0.45196477384475986
EGCG,C=CC(C)(C)c1ccc(O)c(C2OC(c3ccc(O)c(OC)c3)C(O)C(O)C2O)c1,416.4700000000001,2.465300000000001,5,7,119.61,0.4750981071780926,0.45196477384475986
EMB-3,C=CC(C)(C)c1ccc(O)c(C2OC(c3ccc(O)c(OC)c3)C(O)C(O)C2O)c1,416.4700000000001,2.465300000000001,5,7,119.61,0.4750981071780926,0.45196477384475986
Curcumin,C=CC(C)(C)c1ccc(O)c(C2OC(c3ccc(O)c(OC)c3)C(O)C(O)C2O)c1,416.4700000000001,2.465300000000001,5,7,119.61,0.4750981071780926,0.45196477384475986
Embelin,C=CC(C)(C)c1ccc(O)c(C2OC(c3ccc(O)c(OC)c3)C(O)C(O)C2O)c1,416.4700000000001,2.465300000000001,5,7,119.61,0.4750981071780926,0.45196477384475986
EMB-3,C=CC(C)(C)c1cc(C2OC(c3cc(OC)ccc3O)C(O)C(O)C2O)ccc1O,416.47,2.4653000000000005,5,7,119.61,0.4750981071780927,0.4519647738447597
EGCG,C=CC(C)(C)c1cc(C2OC(c3cc(OC)ccc3O)C(O)C(O)C2O)ccc1O,416.47,2.4653000000000005,5,7,119.61,0.4750981071780927,0.4519647738447597
Glabridin,C=CC(C)(C)c1cc(C2OC(c3ccc(O)c(OC)c3)C(O)C(O)C2O)ccc1O,416.47,2.4653000000000005,5,7,119.61,0.4750981071780927,0.4519647738447597
Embelin,C=CC(C)(C)c1cc(C2OC(c3cc(OC)ccc3O)C(O)C(O)C2O)ccc1O,416.47,2.4653000000000005,5,7,119.61,0.4750981071780927,0.4519647738447597
Embelin,C=CC(C)(C)c1cc(C2OC(c3ccc(O)c(OC)c3)C(O)C(O)C2O)ccc1O,416.47,2.4653000000000005,5,7,119.61,0.4750981071780927,0.4519647738447597
Asiaticoside,C=CC(C)(C)c1cc(C2OC(c3ccc(O)c(OC)c3)C(O)C(O)C2O)ccc1O,416.47,2.4653000000000005,5,7,119.61,0.4750981071780927,0.4519647738447597
Asiaticoside,C=CC(C)(C)c1cc(C2OC(c3cc(OC)ccc3O)C(O)C(O)C2O)ccc1O,416.47,2.4653000000000005,5,7,119.61,0.4750981071780927,0.4519647738447597
Glabridin,C=CC(C)(C)c1cc(C2OC(c3cc(OC)ccc3O)C(O)C(O)C2O)ccc1O,416.47,2.4653000000000005,5,7,119.61,0.4750981071780927,0.4519647738447597
Curcumin,C=CC(C)(C)c1cc(C2OC(c3cc(OC)ccc3O)C(O)C(O)C2O)ccc1O,416.47,2.4653000000000005,5,7,119.61,0.4750981071780927,0.4519647738447597
Curcumin,C=CC(C)(C)c1cc(C2OC(c3ccc(O)c(OC)c3)C(O)C(O)C2O)ccc1O,416.47,2.4653000000000005,5,7,119.61,0.4750981071780927,0.4519647738447597
EMB-3,C=CC(C)(C)c1cc(C2OC(c3ccc(O)c(OC)c3)C(O)C(O)C2O)ccc1O,416.47,2.4653000000000005,5,7,119.61,0.4750981071780927,0.4519647738447597
EGCG,C=CC(C)(C)c1cc(C2OC(c3ccc(O)c(OC)c3)C(O)C(O)C2O)ccc1O,416.47,2.4653000000000005,5,7,119.61,0.4750981071780927,0.4519647738447597
Asiaticoside,COC(=O)C1Oc2cc(O)cc(O)c2CC1c1ccc(O)c(OC)c1,346.3350000000001,2.0723,3,7,105.45000000000002,0.73069007516561,0.44555674183227656
Asiaticoside,COC(=O)C1Oc2cc(O)cc(O)c2CC1c1cc(OC)ccc1O,346.3350000000001,2.0723,3,7,105.45000000000002,0.73069007516561,0.44555674183227656
Embelin,COC(=O)C1Oc2cc(O)cc(O)c2CC1c1ccc(O)c(OC)c1,346.3350000000001,2.0723,3,7,105.45000000000002,0.73069007516561,0.44555674183227656
Embelin,COC(=O)C1Oc2cc(O)cc(O)c2CC1c1cc(OC)ccc1O,346.3350000000001,2.0723,3,7,105.45000000000002,0.73069007516561,0.44555674183227656
EGCG,COC(=O)C1Oc2cc(O)cc(O)c2CC1c1cc(OC)ccc1O,346.3350000000001,2.0723,3,7,105.45000000000002,0.73069007516561,0.44555674183227656
EMB-3,COC(=O)C1Oc2cc(O)cc(O)c2CC1c1ccc(O)c(OC)c1,346.3350000000001,2.0723,3,7,105.45000000000002,0.73069007516561,0.44555674183227656
Glabridin,COC(=O)C1Oc2cc(O)cc(O)c2CC1c1cc(OC)ccc1O,346.3350000000001,2.0723,3,7,105.45000000000002,0.73069007516561,0.44555674183227656
Glabridin,COC(=O)C1Oc2cc(O)cc(O)c2CC1c1ccc(O)c(OC)c1,346.3350000000001,2.0723,3,7,105.45000000000002,0.73069007516561,0.44555674183227656
EGCG,COC(=O)C1Oc2cc(O)cc(O)c2CC1c1ccc(O)c(OC)c1,346.3350000000001,2.0723,3,7,105.45000000000002,0.73069007516561,0.44555674183227656
EMB-3,COC(=O)C1Oc2cc(O)cc(O)c2CC1c1cc(OC)ccc1O,346.3350000000001,2.0723,3,7,105.45000000000002,0.73069007516561,0.44555674183227656
Curcumin,COC(=O)C1Oc2cc(O)cc(O)c2CC1c1ccc(O)c(OC)c1,346.3350000000001,2.0723,3,7,105.45000000000002,0.73069007516561,0.44555674183227656
Curcumin,COC(=O)C1Oc2cc(O)cc(O)c2CC1c1cc(OC)ccc1O,346.3350000000001,2.0723,3,7,105.45000000000002,0.73069007516561,0.44555674183227656
Embelin,COc1ccc(C2Cc3c(O)cc(O)cc3OC2OC)c(O)c1O,334.32400000000007,2.208800000000001,4,7,108.61,0.6372535531483687,0.443120219815036
Glabridin,COc1ccc(C2Oc3cc(O)cc(O)c3CC2OC)c(O)c1O,334.32400000000007,2.208800000000001,4,7,108.61,0.6372535531483687,0.443120219815036
EGCG,COc1ccc(C2Cc3c(O)cc(O)cc3OC2OC)c(O)c1O,334.32400000000007,2.208800000000001,4,7,108.61,0.6372535531483687,0.443120219815036
EMB-3,COc1ccc(C2Cc3c(O)cc(O)cc3OC2OC)c(O)c1O,334.32400000000007,2.208800000000001,4,7,108.61,0.6372535531483687,0.443120219815036
Asiaticoside,COc1ccc(C2Cc3c(O)cc(O)cc3OC2OC)c(O)c1O,334.32400000000007,2.208800000000001,4,7,108.61,0.6372535531483687,0.443120219815036
EGCG,COc1ccc(C2Oc3cc(O)cc(O)c3CC2OC)c(O)c1O,334.32400000000007,2.208800000000001,4,7,108.61,0.6372535531483687,0.443120219815036
Embelin,COc1ccc(C2Oc3cc(O)cc(O)c3CC2OC)c(O)c1O,334.32400000000007,2.208800000000001,4,7,108.61,0.6372535531483687,0.443120219815036
EMB-3,COc1ccc(C2Oc3cc(O)cc(O)c3CC2OC)c(O)c1O,334.32400000000007,2.208800000000001,4,7,108.61,0.6372535531483687,0.443120219815036
Curcumin,COc1ccc(C2Oc3cc(O)cc(O)c3CC2OC)c(O)c1O,334.32400000000007,2.208800000000001,4,7,108.61,0.6372535531483687,0.443120219815036
Asiaticoside,COc1ccc(C2Oc3cc(O)cc(O)c3CC2OC)c(O)c1O,334.32400000000007,2.208800000000001,4,7,108.61,0.6372535531483687,0.443120219815036
Curcumin,COc1ccc(C2Cc3c(O)cc(O)cc3OC2OC)c(O)c1O,334.32400000000007,2.208800000000001,4,7,108.61,0.6372535531483687,0.443120219815036
Glabridin,COc1ccc(C2Cc3c(O)cc(O)cc3OC2OC)c(O)c1O,334.32400000000007,2.208800000000001,4,7,108.61,0.6372535531483687,0.443120219815036
EGCG,COC(=O)c1cc(-c2ccc(O)c(CO)c2)ccc1O,274.272,2.0437,3,5,86.99000000000001,0.7455174942832492,0.4413174942832491
EGCG,COC(=O)c1cc(-c2cc(CO)ccc2O)ccc1O,274.272,2.0437,3,5,86.99000000000001,0.7455174942832492,0.4413174942832491
EMB-3,COC(=O)c1cc(-c2ccc(O)c(CO)c2)ccc1O,274.272,2.0437,3,5,86.99000000000001,0.7455174942832492,0.4413174942832491
Glabridin,COC(=O)c1cc(-c2ccc(O)c(CO)c2)ccc1O,274.272,2.0437,3,5,86.99000000000001,0.7455174942832492,0.4413174942832491
EMB-3,COC(=O)c1cc(-c2cc(CO)ccc2O)ccc1O,274.272,2.0437,3,5,86.99000000000001,0.7455174942832492,0.4413174942832491
Embelin,COC(=O)c1cc(-c2cc(CO)ccc2O)ccc1O,274.272,2.0437,3,5,86.99000000000001,0.7455174942832492,0.4413174942832491
Asiaticoside,COC(=O)c1cc(-c2cc(CO)ccc2O)ccc1O,274.272,2.0437,3,5,86.99000000000001,0.7455174942832492,0.4413174942832491
Glabridin,COC(=O)c1cc(-c2cc(CO)ccc2O)ccc1O,274.272,2.0437,3,5,86.99000000000001,0.7455174942832492,0.4413174942832491
Curcumin,COC(=O)c1cc(-c2ccc(O)c(CO)c2)ccc1O,274.272,2.0437,3,5,86.99000000000001,0.7455174942832492,0.4413174942832491
Asiaticoside,COC(=O)c1cc(-c2ccc(O)c(CO)c2)ccc1O,274.272,2.0437,3,5,86.99000000000001,0.7455174942832492,0.4413174942832491
Curcumin,COC(=O)c1cc(-c2cc(CO)ccc2O)ccc1O,274.272,2.0437,3,5,86.99000000000001,0.7455174942832492,0.4413174942832491
Embelin,COC(=O)c1cc(-c2ccc(O)c(CO)c2)ccc1O,274.272,2.0437,3,5,86.99000000000001,0.7455174942832492,0.4413174942832491
